Sample	theta_A	theta_B	theta_root	tau_root	tau_A	tau_B	Data-ld-ln	Full-ld-ln	Gene-ld-ln
0	 0.91745	 0.98062	 1.04784	 1.01301	 0.00000	 0.00000	-42437.123207103	-425080.286979715	709.054908690
1	 0.91993	 0.98327	 1.05067	 1.01575	 0.00000	 0.00000	-36111.985197642	-360554.644847916	-565.207128504
2	 0.95204	 1.01438	 1.05397	 1.04242	 0.00000	 0.00000	-33433.559113712	-332892.978166937	-1442.612970180
3	 0.95493	 1.01746	 1.05717	 1.06195	 0.00000	 0.00000	-31662.587351855	-314464.358370020	-2161.515148534
4	 0.95879	 1.02158	 1.08954	 1.06624	 0.00000	 0.00000	-30192.142674958	-299224.261650383	-2697.165099200
5	 0.95879	 1.02158	 1.14609	 1.06624	 0.00000	 0.00000	-29126.582345071	-288048.564695921	-3217.258754790
6	 0.95879	 1.02158	 1.14609	 1.06624	 0.00000	 0.00000	-28276.960635508	-277691.918346770	-5077.688008314
7	 0.96282	 1.02586	 1.19770	 1.07072	 0.00000	 0.00000	-27635.746568581	-272088.483195359	-4268.982490450
8	 1.01546	 1.05472	 1.23443	 1.07072	 0.00000	 0.00000	-27363.249820720	-268824.793858662	-4807.704348539
9	 1.06796	 1.05472	 1.23443	 1.07072	 0.00000	 0.00000	-26686.530684610	-261611.524000451	-5253.782845646
10	 1.10533	 1.11316	 1.23728	 1.10533	 0.00000	 0.00000	-26188.471231474	-256250.828174682	-5633.884140055
11	 1.14787	 1.11642	 1.24090	 1.10856	 0.00000	 0.00000	-26079.702320043	-255034.247385457	-5762.775814968
12	 1.18117	 1.16144	 1.30973	 1.12496	 0.00000	 0.00000	-25676.196199290	-251403.523248010	-5358.438744893
13	 1.22874	 1.21284	 1.30973	 1.12496	 0.00000	 0.00000	-25441.671026397	-248936.038288814	-5480.671975156
14	 1.23201	 1.21607	 1.31322	 1.12795	 0.00000	 0.00000	-25103.025142174	-245030.638634013	-5999.612787724
15	 1.23201	 1.29490	 1.34561	 1.15320	 0.00000	 0.00000	-24800.080207406	-241382.943495832	-6617.858578230
16	 1.26929	 1.32205	 1.40656	 1.15320	 0.00000	 0.00000	-24651.978356188	-239584.773798031	-6935.009763847
17	 1.29342	 1.40538	 1.48210	 1.15564	 0.00000	 0.00000	-24546.186945910	-238833.058351641	-6628.811107457
18	 1.28101	 1.47628	 1.52462	 1.19756	 0.00000	 0.00000	-24246.177888171	-235425.847540455	-7035.931341253
19	 1.33939	 1.47667	 1.55843	 1.19787	 0.00000	 0.00000	-24166.491857291	-234467.964149088	-7196.954423826
20	 1.38217	 1.47959	 1.56152	 1.20025	 0.00000	 0.00000	-24005.961056736	-233010.168632143	-7049.441935215
21	 1.44686	 1.47959	 1.56888	 1.23029	 0.00000	 0.00000	-23596.479575717	-228133.597127614	-7831.198629557
22	 1.50171	 1.56519	 1.57521	 1.23526	 0.00000	 0.00000	-23518.965564313	-227431.865301429	-7757.790341698
23	 1.54880	 1.57032	 1.58037	 1.25477	 0.00000	 0.00000	-23344.845253876	-225292.206810481	-8156.245728277
24	 1.55481	 1.62014	 1.66522	 1.28103	 0.00000	 0.00000	-23115.985774392	-223778.320771641	-7381.536972279
25	 1.55481	 1.62014	 1.66522	 1.28103	 0.00000	 0.00000	-22877.401356934	-220491.289199351	-8282.724369994
26	 1.55481	 1.62014	 1.66522	 1.31156	 0.00000	 0.00000	-22574.493016001	-217398.802006102	-8346.128153908
27	 1.64646	 1.65869	 1.73093	 1.31553	 0.00000	 0.00000	-22439.730341494	-215949.784270094	-8447.519144848
28	 1.64747	 1.69330	 1.80144	 1.34425	 0.00000	 0.00000	-22139.654187387	-213277.755232508	-8118.786641359
29	 1.64747	 1.75283	 1.80144	 1.34425	 0.00000	 0.00000	-22095.143841816	-212603.133821518	-8348.304596638
30	 1.70456	 1.83611	 1.92482	 1.34784	 0.00000	 0.00000	-21918.720769985	-211415.836432842	-7771.371267005
31	 1.74482	 1.83611	 1.98865	 1.34784	 0.00000	 0.00000	-21822.891486172	-210645.711416976	-7583.203444742
32	 1.82967	 1.93696	 1.99314	 1.35088	 0.00000	 0.00000	-21552.463912320	-207638.471636537	-7886.167486662
33	 1.93647	 1.99174	 2.06546	 1.35088	 0.00000	 0.00000	-21395.673844311	-205583.283083530	-8373.455359578
34	 1.93993	 2.07193	 2.06916	 1.35329	 0.00000	 0.00000	-21376.128629443	-205151.198823492	-8610.087470934
35	 2.01827	 2.17769	 2.07653	 1.37784	 0.00000	 0.00000	-21335.909995632	-204641.633973052	-8717.465983271
36	 2.12542	 2.18491	 2.15821	 1.38241	 0.00000	 0.00000	-21207.459580491	-203667.913160104	-8406.682644804
37	 2.13077	 2.19041	 2.30338	 1.40705	 0.00000	 0.00000	-21111.518174759	-203162.336162766	-7952.845584826
38	 2.22643	 2.30078	 2.37349	 1.41210	 0.00000	 0.00000	-21061.483804076	-202403.586822046	-8211.251218714
39	 2.22643	 2.30078	 2.47798	 1.44175	 0.00000	 0.00000	-20977.579195534	-201593.943737528	-8181.848217813
40	 2.32528	 2.35916	 2.58934	 1.46940	 0.00000	 0.00000	-20897.877500063	-200851.817604948	-8126.957395679
41	 2.47083	 2.35916	 2.58934	 1.46940	 0.00000	 0.00000	-20879.919926405	-200541.962615890	-8257.236648162
42	 2.59557	 2.35916	 2.58934	 1.49762	 0.00000	 0.00000	-20768.794499702	-199282.265137509	-8405.679859513
43	 2.60839	 2.45709	 2.74818	 1.50501	 0.00000	 0.00000	-20681.339531633	-198892.949931231	-7920.445385097
44	 2.74914	 2.60708	 2.80646	 1.51215	 0.00000	 0.00000	-20614.808887848	-198045.625221175	-8102.463657303
45	 2.81440	 2.61506	 2.81506	 1.55783	 0.00000	 0.00000	-20551.014994397	-197140.161915872	-8369.988028094
46	 2.90224	 2.62329	 2.82392	 1.56274	 0.00000	 0.00000	-20489.618096351	-196548.472625413	-8347.708338099
47	 3.07132	 2.78266	 2.90316	 1.58871	 0.00000	 0.00000	-20315.667725214	-195196.878487361	-7959.798764783
48	 3.24985	 2.78753	 2.90823	 1.63019	 0.00000	 0.00000	-20208.914755907	-193356.259401604	-8732.888157469
49	 3.42352	 2.87049	 3.05028	 1.63419	 0.00000	 0.00000	-20142.104098140	-193236.357928865	-8184.683052539
50	 3.53771	 2.91696	 3.16226	 1.63926	 0.00000	 0.00000	-20081.828356193	-192650.534271980	-8167.749289949
51	 3.54525	 2.92318	 3.26719	 1.64276	 0.00000	 0.00000	-20024.777726702	-192081.638051199	-8166.139215822
52	 3.61514	 2.97218	 3.33767	 1.68877	 0.00000	 0.00000	-19936.182925993	-190873.663109544	-8488.166150386
53	 3.77120	 2.97993	 3.34638	 1.69318	 0.00000	 0.00000	-19905.011266625	-190535.915878487	-8514.196787763
54	 3.77120	 3.10060	 3.48610	 1.69318	 0.00000	 0.00000	-19850.309530280	-190231.757445684	-8271.337857113
55	 3.99587	 3.20209	 3.65013	 1.72183	 0.00000	 0.00000	-19695.178144411	-188640.750435240	-8311.031008868
56	 3.99587	 3.35887	 3.73281	 1.72183	 0.00000	 0.00000	-19636.904626775	-188204.162933566	-8164.883334181
57	 4.00514	 3.48884	 3.74147	 1.72583	 0.00000	 0.00000	-19608.996825182	-187698.061765298	-8391.906486522
58	 4.23849	 3.50458	 3.85538	 1.73361	 0.00000	 0.00000	-19531.458017226	-186975.709777979	-8338.870394283
59	 4.23849	 3.50458	 3.85538	 1.73361	 0.00000	 0.00000	-19519.449558010	-186542.065955184	-8652.429624917
60	 4.42593	 3.62133	 3.85538	 1.73361	 0.00000	 0.00000	-19474.655684471	-185817.683506376	-8928.873338339
61	 4.54151	 3.62133	 4.00359	 1.75915	 0.00000	 0.00000	-19409.663330075	-185143.130170268	-8953.503130483
62	 4.63387	 3.62133	 4.00359	 1.79198	 0.00000	 0.00000	-19384.189018952	-184491.394492501	-9350.495697020
63	 4.88204	 3.62133	 4.00359	 1.80873	 0.00000	 0.00000	-19366.369861066	-184057.158216733	-9606.540393925
64	 4.89524	 3.63112	 4.01442	 1.81362	 0.00000	 0.00000	-19342.024095131	-183978.096183815	-9442.144767497
65	 5.17759	 3.83145	 4.01442	 1.86018	 0.00000	 0.00000	-19264.083736810	-182903.345667605	-9737.491700494
66	 5.41969	 3.93911	 4.05209	 1.88680	 0.00000	 0.00000	-19197.845209617	-182293.457698111	-9684.994398061
67	 5.43506	 4.03309	 4.20040	 1.89215	 0.00000	 0.00000	-19079.267246243	-181229.801802145	-9562.870660286
68	 5.44934	 4.22586	 4.21144	 1.89712	 0.00000	 0.00000	-19064.194346757	-181138.595896493	-9503.347571073
69	 5.44934	 4.22586	 4.32032	 1.89712	 0.00000	 0.00000	-18973.389019823	-180418.272235520	-9315.617962706
70	 5.70945	 4.34049	 4.55039	 1.90265	 0.00000	 0.00000	-18870.800841814	-179572.716392907	-9135.292025233
71	 5.73229	 4.35785	 4.56858	 1.91026	 0.00000	 0.00000	-18681.025488457	-177292.435070485	-9517.819814083
72	 5.75248	 4.37320	 4.58468	 1.93653	 0.00000	 0.00000	-18520.285199741	-175274.578364051	-9928.273633363
73	 5.77183	 4.38791	 4.60010	 1.98326	 0.00000	 0.00000	-18369.716403720	-173562.290206754	-10134.873830445
74	 5.77183	 4.56010	 4.89629	 1.98326	 0.00000	 0.00000	-18244.699655521	-173012.223328383	-9434.773226827
75	 5.96984	 4.75598	 5.08870	 2.00045	 0.00000	 0.00000	-18110.155671494	-171669.142051187	-9432.414663755
76	 6.16259	 4.88014	 5.45845	 2.03134	 0.00000	 0.00000	-17981.863480156	-170742.921598191	-9075.713203372
77	 6.18069	 4.89447	 5.47448	 2.03730	 0.00000	 0.00000	-17926.823079227	-169958.905037230	-9309.325755044
78	 6.18069	 4.89447	 5.78381	 2.05799	 0.00000	 0.00000	-17852.403061762	-169553.921085305	-8970.109532317
79	 6.47152	 4.89447	 5.78381	 2.05799	 0.00000	 0.00000	-17848.978716196	-169288.966405429	-9200.820756536
80	 6.48283	 4.90303	 5.79393	 2.06159	 0.00000	 0.00000	-17833.664536962	-169071.633016470	-9265.012353149
81	 6.71441	 5.15917	 5.79393	 2.06159	 0.00000	 0.00000	-17821.238801045	-168876.738210301	-9335.649800154
82	 6.90586	 5.15917	 5.79393	 2.07597	 0.00000	 0.00000	-17805.642326369	-168499.655075367	-9556.768188325
83	 7.01974	 5.35000	 5.98971	 2.08141	 0.00000	 0.00000	-17753.843994456	-168187.782793221	-9350.657151339
84	 7.16901	 5.28417	 6.29496	 2.08141	 0.00000	 0.00000	-17701.394418616	-168117.278692615	-8896.665493549
85	 7.45911	 5.28417	 6.29496	 2.10650	 0.00000	 0.00000	-17677.656048687	-167518.991303094	-9257.569183777
86	 7.48648	 5.30356	 6.51623	 2.11423	 0.00000	 0.00000	-17450.582854627	-165534.880190741	-8970.948355525
87	 7.71679	 5.52401	 6.89291	 2.12117	 0.00000	 0.00000	-17238.228142783	-163609.894560268	-8772.386867559
88	 7.71679	 5.52401	 6.89291	 2.12117	 0.00000	 0.00000	-17065.577633180	-161550.217218950	-9105.559112850
89	 7.83412	 5.68121	 6.89291	 2.14669	 0.00000	 0.00000	-16848.185442464	-159096.158964457	-9385.695460184
90	 7.85124	 5.82449	 7.17572	 2.18605	 0.00000	 0.00000	-16700.464189902	-157548.012000514	-9456.629898509
91	 7.86116	 5.83184	 7.39034	 2.22926	 0.00000	 0.00000	-16624.144317790	-156477.581465288	-9763.861712609
92	 8.13503	 5.83184	 7.39034	 2.25900	 0.00000	 0.00000	-16604.728491289	-155958.420790060	-10088.864122827
93	 8.44700	 5.83184	 7.58089	 2.25900	 0.00000	 0.00000	-16545.491302201	-155613.011038776	-9841.901983236
94	 8.94455	 5.83184	 7.58089	 2.29755	 0.00000	 0.00000	-16459.378259338	-154304.943817658	-10288.838775718
95	 9.51437	 6.09627	 7.98099	 2.33238	 0.00000	 0.00000	-16365.194385052	-153583.686590562	-10068.257259959
96	 9.93184	 6.35252	 8.46408	 2.36746	 0.00000	 0.00000	-16221.453200515	-152601.023001145	-9613.509004006
97	10.21250	 6.36560	 8.48151	 2.37234	 0.00000	 0.00000	-15940.075827089	-149464.890568767	-9935.867702126
98	10.23286	 6.54315	 8.49842	 2.42270	 0.00000	 0.00000	-15911.384985155	-148737.191719071	-10376.658132480
99	10.42593	 6.56288	 8.85995	 2.43000	 0.00000	 0.00000	-15854.967337136	-148549.068542080	-10000.604829280
100	10.94869	 6.56288	 8.85995	 2.44198	 0.00000	 0.00000	-15847.207419798	-148244.949166833	-10227.125031150
101	11.13790	 6.58697	 9.04139	 2.47687	 0.00000	 0.00000	-15812.243089010	-147821.587359856	-10300.843530243
102	11.13790	 6.58697	 9.04139	 2.47687	 0.00000	 0.00000	-15805.616911215	-147808.909746041	-10247.259366108
103	11.67113	 6.61037	 9.58053	 2.47687	 0.00000	 0.00000	-15712.725286285	-147510.470257751	-9616.782605102
104	12.36572	 6.62241	 9.59798	 2.48692	 0.00000	 0.00000	-15683.150703497	-146929.766356072	-9901.740678897
105	12.40520	 6.88025	 9.62862	 2.49486	 0.00000	 0.00000	-15659.536222563	-146404.830249144	-10190.531976485
106	12.99529	 7.11180	 9.64998	 2.53832	 0.00000	 0.00000	-15634.333874481	-145858.131411649	-10485.207333162
107	12.99529	 7.11180	 9.97134	 2.53832	 0.00000	 0.00000	-15554.058255186	-145384.328126311	-10156.254425551
108	13.64515	 7.13109	10.39625	 2.54521	 0.00000	 0.00000	-15466.024867823	-144843.849556910	-9816.399121319
109	13.67063	 7.14441	10.41566	 2.54996	 0.00000	 0.00000	-15431.962258695	-144296.370650518	-10023.251936428
110	13.45802	 7.54371	10.45597	 2.58602	 0.00000	 0.00000	-15369.792561520	-143557.007707804	-10140.917907396
111	13.50709	 7.57121	10.49410	 2.59545	 0.00000	 0.00000	-15344.419614504	-143235.294910110	-10208.901234927
112	13.53818	 7.58864	10.51825	 2.62131	 0.00000	 0.00000	-15299.565378274	-142576.653162125	-10419.000620618
113	14.00679	 7.88000	10.51825	 2.64896	 0.00000	 0.00000	-15283.347199141	-142250.310026017	-10583.161965396
114	14.04184	 8.03631	10.54457	 2.65559	 0.00000	 0.00000	-15275.369932892	-142143.475248889	-10610.224080033
115	14.54237	 8.03628	10.54454	 2.68099	 0.00000	 0.00000	-15249.868164957	-141729.745652492	-10768.935997073
116	14.54237	 8.39273	10.54454	 2.68099	 0.00000	 0.00000	-15235.010230359	-141403.959448969	-10946.142854616
117	15.22786	 8.41993	10.57872	 2.68968	 0.00000	 0.00000	-15223.591193671	-141350.902482085	-10885.009454630
118	15.69683	 8.81101	10.93502	 2.68968	 0.00000	 0.00000	-15177.704438409	-141371.651614148	-10405.392769947
119	15.74998	 9.38839	10.97205	 2.69879	 0.00000	 0.00000	-15085.207462181	-140087.247024435	-10764.827597377
120	16.36465	 9.42715	11.01735	 2.70993	 0.00000	 0.00000	-15074.048931249	-139857.360557829	-10883.128754665
121	16.41758	 9.95983	11.05299	 2.71870	 0.00000	 0.00000	-15051.361404750	-139424.428723965	-11089.185323533
122	17.06847	10.34973	11.05299	 2.71870	 0.00000	 0.00000	-15047.501258459	-139343.840919461	-11131.171665130
123	17.62733	10.34973	11.21980	 2.71870	 0.00000	 0.00000	-15024.608248646	-139430.616183214	-10815.466303248
124	18.02641	10.34973	11.21980	 2.73275	 0.00000	 0.00000	-15006.362520391	-139159.165438568	-10904.459765344
125	18.86445	10.82130	11.60327	 2.77006	 0.00000	 0.00000	-14951.499059500	-138799.151421687	-10715.839173310
126	19.36863	10.82130	12.17260	 2.77006	 0.00000	 0.00000	-14886.519893698	-138738.962931133	-10126.236005849
127	19.36863	11.01931	12.67546	 2.77006	 0.00000	 0.00000	-14831.197644479	-138493.404433358	-9818.572011432
128	20.33194	11.01931	13.33115	 2.79754	 0.00000	 0.00000	-14763.517886376	-138067.179414543	-9567.999449215
129	19.85457	11.42889	13.33115	 2.79754	 0.00000	 0.00000	-14726.205404427	-137642.525659974	-9619.528384301
130	19.92975	11.89447	13.38162	 2.83895	 0.00000	 0.00000	-14702.112445644	-137034.567278331	-9986.557178114
131	20.86011	11.89447	13.88121	 2.83895	 0.00000	 0.00000	-14638.167055702	-136748.464988816	-9633.205568208
132	20.15593	11.89447	13.88121	 2.83895	 0.00000	 0.00000	-14624.384808036	-136433.662490997	-9810.185589366
133	21.30207	12.34104	13.92025	 2.84693	 0.00000	 0.00000	-14608.508711542	-135946.622183817	-10138.464931600
134	21.53700	12.51399	13.92025	 2.84693	 0.00000	 0.00000	-14596.994369984	-135721.684370505	-10248.259329333
135	22.18223	12.54796	15.03380	 2.85466	 0.00000	 0.00000	-14487.662583360	-135237.563350325	-9639.062483273
136	22.76882	12.82667	15.93141	 2.86399	 0.00000	 0.00000	-14371.232892169	-134493.199337574	-9219.129584112
137	22.76882	13.03920	16.59637	 2.86399	 0.00000	 0.00000	-14323.259960624	-134100.050162312	-9132.549443926
138	23.56819	13.40905	16.59637	 2.86399	 0.00000	 0.00000	-14315.914725288	-133889.040049225	-9270.107203655
139	24.67007	13.91231	17.31228	 2.90029	 0.00000	 0.00000	-14233.815403545	-133203.144914839	-9135.009120607
140	25.39845	13.91231	18.17074	 2.90029	 0.00000	 0.00000	-14072.623619335	-131603.094574579	-9123.141618768
141	26.19180	13.96656	18.59061	 2.91160	 0.00000	 0.00000	-14017.245927056	-131015.370802570	-9157.088467986
142	27.15994	14.47763	19.34038	 2.95824	 0.00000	 0.00000	-13941.121272991	-130338.830995537	-9072.381734369
143	27.89394	14.53436	20.59696	 2.96983	 0.00000	 0.00000	-13831.752988739	-129630.759892747	-8686.769994640
144	27.49892	15.32007	20.98813	 2.99489	 0.00000	 0.00000	-13775.299334188	-128968.036807947	-8784.956533933
145	29.15597	16.31769	22.08359	 3.04364	 0.00000	 0.00000	-13710.024121719	-128497.260474992	-8602.980742202
146	28.50838	16.59241	22.08359	 3.06862	 0.00000	 0.00000	-13682.080840180	-127762.544594368	-9058.263807428
147	29.88006	15.95874	22.08359	 3.09054	 0.00000	 0.00000	-13572.812769909	-126514.107366025	-9214.020333067
148	28.93131	15.95874	22.08359	 3.09054	 0.00000	 0.00000	-13423.911606167	-124883.801459263	-9355.314602409
149	28.25993	15.98200	22.11578	 3.09505	 0.00000	 0.00000	-13383.467451918	-124306.591924953	-9528.082594229
150	29.07976	15.44942	22.11578	 3.09505	 0.00000	 0.00000	-13324.854578997	-123759.195039402	-9489.350750570
151	29.07976	16.00079	23.65129	 3.12121	 0.00000	 0.00000	-13194.729860588	-122912.360911840	-9034.937694042
152	30.73370	16.51015	24.33268	 3.16870	 0.00000	 0.00000	-13144.469194654	-122445.136954970	-8999.554991566
153	30.83542	16.56480	24.41321	 3.17918	 0.00000	 0.00000	-13123.734433372	-122150.111985443	-9087.232348281
154	32.25719	16.56480	24.41321	 3.17918	 0.00000	 0.00000	-13092.559952415	-121766.748050650	-9158.851473504
155	34.11477	16.59330	24.45522	 3.22552	 0.00000	 0.00000	-13028.641205898	-120880.483503685	-9405.928555298
156	34.23107	16.64987	25.97859	 3.23652	 0.00000	 0.00000	-12846.680611699	-119598.042640688	-8868.763476302
157	35.63813	17.13463	26.05202	 3.26719	 0.00000	 0.00000	-12728.007518393	-118093.467715445	-9186.607468488
158	36.70450	16.56283	26.05202	 3.26719	 0.00000	 0.00000	-12702.797958710	-117764.402721697	-9263.576865399
159	35.68878	17.31604	27.70325	 3.32393	 0.00000	 0.00000	-12615.501757483	-117398.598255247	-8756.419319583
160	36.25561	17.37297	27.79432	 3.34928	 0.00000	 0.00000	-12594.807264666	-117006.508945684	-8941.563700979
161	37.82528	17.90490	28.98864	 3.37753	 0.00000	 0.00000	-12541.632694285	-116652.934256322	-8763.392686525
162	37.90120	17.94084	30.60479	 3.38431	 0.00000	 0.00000	-12488.252536273	-116605.466299222	-8277.059063512
163	38.59825	17.96789	31.73538	 3.41111	 0.00000	 0.00000	-12448.228028256	-116393.313995475	-8088.966287090
164	41.29885	18.45384	32.91032	 3.43418	 0.00000	 0.00000	-12394.192302495	-115905.376891081	-8036.546133871
165	42.43310	18.52343	33.03442	 3.47448	 0.00000	 0.00000	-12372.418249704	-115598.006779313	-8126.175717725
166	44.05057	19.02663	33.98719	 3.47448	 0.00000	 0.00000	-12321.337069052	-115216.264896182	-7997.105794340
167	41.67375	19.65060	33.98719	 3.49897	 0.00000	 0.00000	-12282.335070002	-114610.681107451	-8212.669592570
168	43.35089	20.28991	34.95884	 3.52909	 0.00000	 0.00000	-12219.152483670	-114087.551179918	-8103.973656781
169	44.95404	20.83950	36.45135	 3.55334	 0.00000	 0.00000	-12169.095900517	-113818.008001168	-7872.951004004
170	42.98565	20.83950	36.45135	 3.55334	 0.00000	 0.00000	-12163.588919288	-113602.419687826	-8033.469505056
171	42.06229	20.93780	37.52643	 3.57010	 0.00000	 0.00000	-12125.533654265	-113296.369502440	-7958.967040214
172	40.51236	20.93780	40.01303	 3.57010	 0.00000	 0.00000	-12054.035419901	-113059.210920529	-7481.143278484
173	40.64994	21.71144	40.14891	 3.58222	 0.00000	 0.00000	-12045.301478898	-112900.335879414	-7552.678909570
174	40.18957	22.84783	40.22411	 3.61140	 0.00000	 0.00000	-12026.434333682	-112538.811816872	-7725.531519951
175	39.20792	24.26259	40.30817	 3.61895	 0.00000	 0.00000	-12011.206405493	-112403.357470862	-7708.706584066
176	39.20792	24.26259	43.05272	 3.64374	 0.00000	 0.00000	-11930.877776565	-111847.411322274	-7461.366443379
177	38.60332	24.26259	43.05272	 3.64374	 0.00000	 0.00000	-11917.043339739	-111498.272547112	-7672.160850275
178	38.74752	24.35323	44.72742	 3.68699	 0.00000	 0.00000	-11859.254135752	-111011.689503388	-7580.851854128
179	37.34668	25.94026	44.88962	 3.72105	 0.00000	 0.00000	-11838.159796334	-110734.364072916	-7647.233890421
180	39.41660	26.88051	44.88962	 3.72105	 0.00000	 0.00000	-11833.240399558	-110627.385251260	-7705.018744322
181	38.69887	26.96882	46.32146	 3.75792	 0.00000	 0.00000	-11784.112612690	-110184.785995563	-7656.340131340
182	38.69887	27.42992	46.32146	 3.75792	 0.00000	 0.00000	-11764.779699141	-109950.956368597	-7696.840622810
183	38.69887	28.60585	46.32146	 3.78194	 0.00000	 0.00000	-11739.255439051	-109476.737862592	-7915.816527919
184	40.39177	28.60585	47.65457	 3.80801	 0.00000	 0.00000	-11661.675909325	-108808.957441562	-7807.801651684
185	42.01624	27.60797	47.82656	 3.83976	 0.00000	 0.00000	-11623.260319267	-108182.531374889	-8050.071817783
186	41.09785	28.35304	49.54654	 3.87352	 0.00000	 0.00000	-11577.796802088	-107910.474365296	-7867.493655583
187	40.13867	28.45384	49.72267	 3.88729	 0.00000	 0.00000	-11563.871784171	-107702.684911945	-7936.032929762
188	39.19441	27.81116	49.72267	 3.88729	 0.00000	 0.00000	-11551.224366033	-107640.015715034	-7872.227945296
189	37.71109	27.81116	53.14195	 3.88729	 0.00000	 0.00000	-11479.875930771	-107409.941502092	-7388.817805614
190	39.43202	29.02151	53.14195	 3.90090	 0.00000	 0.00000	-11469.863539694	-107053.398386849	-7645.237010087
191	39.43202	29.02151	55.68417	 3.93269	 0.00000	 0.00000	-11411.116568886	-106723.689628297	-7387.476060561
192	39.43202	30.87800	58.60262	 3.93269	 0.00000	 0.00000	-11365.690828176	-106618.543076881	-7038.365204878
193	41.71126	31.67562	58.73468	 3.94155	 0.00000	 0.00000	-11356.225330168	-106471.747849695	-7090.505451989
194	44.80211	33.53781	60.79796	 3.95466	 0.00000	 0.00000	-11306.822507994	-106075.083653921	-6993.141426020
195	46.73256	33.68385	61.06270	 3.97189	 0.00000	 0.00000	-11278.155203826	-105663.671079924	-7117.880958337
196	45.05659	35.00922	61.20196	 4.00927	 0.00000	 0.00000	-11272.531460815	-105527.653721596	-7197.660886551
197	43.72006	36.49767	61.37742	 4.02076	 0.00000	 0.00000	-11266.811201349	-105437.574925907	-7230.537087581
198	42.54743	37.51716	61.60248	 4.04758	 0.00000	 0.00000	-11253.065419470	-105187.536268546	-7343.117926157
199	41.13803	37.51716	63.36086	 4.04758	 0.00000	 0.00000	-11219.991825221	-105027.604793562	-7172.313458653
200	43.32280	36.84500	63.36086	 4.04758	 0.00000	 0.00000	-11212.388810727	-104904.394087771	-7219.494019496
201	45.36720	37.98819	63.36086	 4.04758	 0.00000	 0.00000	-11210.863602926	-104855.443349937	-7253.192679327
202	45.48419	37.57488	66.09710	 4.05802	 0.00000	 0.00000	-11169.494683019	-104687.552458204	-7007.394371983
203	44.47981	37.57488	67.15683	 4.08761	 0.00000	 0.00000	-11152.290480847	-104501.271624611	-7021.633183857
204	42.41679	37.71632	67.40964	 4.13271	 0.00000	 0.00000	-11142.263510924	-104272.130804358	-7150.504304883
205	44.04616	38.59342	67.40964	 4.15512	 0.00000	 0.00000	-11134.275122895	-104156.369465956	-7186.381762991
206	44.04616	36.86876	67.40964	 4.15512	 0.00000	 0.00000	-11080.547103969	-103657.865656664	-7147.605383027
207	41.89379	35.16187	69.45483	 4.19781	 0.00000	 0.00000	-11036.307604403	-103294.549533721	-7068.526510311
208	43.29424	33.75239	70.49798	 4.23343	 0.00000	 0.00000	-10983.308202091	-102754.289721239	-7078.792299668
209	41.29806	34.44128	74.01127	 4.28583	 0.00000	 0.00000	-10937.497318126	-102557.321089571	-6817.652091685
210	42.82636	35.75485	74.07334	 4.31147	 0.00000	 0.00000	-10914.473845649	-102219.723047009	-6925.015409481
211	42.14719	37.19207	78.63319	 4.36068	 0.00000	 0.00000	-10843.574265799	-101792.515699440	-6643.226958552
212	40.57434	38.45682	78.89114	 4.37499	 0.00000	 0.00000	-10819.074196037	-101580.829657470	-6609.912302903
213	43.05180	40.93040	83.57607	 4.41734	 0.00000	 0.00000	-10758.129599732	-101294.787954810	-6286.508042510
214	43.76809	40.93040	86.35193	 4.41734	 0.00000	 0.00000	-10731.712610625	-101173.542825238	-6143.583281011
215	44.84275	39.68790	89.77532	 4.42580	 0.00000	 0.00000	-10703.446349081	-101077.129572138	-5957.333918677
216	43.01646	42.76380	90.10609	 4.46376	 0.00000	 0.00000	-10694.826775995	-100903.468328444	-6044.799431506
217	44.32453	44.60546	90.10609	 4.48935	 0.00000	 0.00000	-10683.178597052	-100756.680320509	-6075.105650013
218	45.75649	46.54479	92.30717	 4.50926	 0.00000	 0.00000	-10663.013902691	-100645.283623542	-5984.855403373
219	45.08616	44.90105	92.52725	 4.52001	 0.00000	 0.00000	-10651.585668965	-100486.709047588	-6029.147642064
220	46.60974	46.58794	92.52725	 4.55138	 0.00000	 0.00000	-10641.760581462	-100345.206928176	-6072.398886447
221	46.78136	44.93759	92.86795	 4.58367	 0.00000	 0.00000	-10621.502284051	-100066.392489040	-6148.630351474
222	47.20557	46.71720	98.89817	 4.58614	 0.00000	 0.00000	-10553.080757098	-99746.992410452	-5783.815160531
223	47.20557	44.86822	98.89817	 4.58614	 0.00000	 0.00000	-10540.935558717	-99542.085460756	-5867.270126414
224	49.81412	44.86822	103.06303	 4.58614	 0.00000	 0.00000	-10502.381044026	-99330.619182831	-5693.191257433
225	48.22818	47.26628	109.22945	 4.62380	 0.00000	 0.00000	-10443.448291219	-98952.400054712	-5482.082857474
226	47.05503	49.48287	112.71808	 4.66115	 0.00000	 0.00000	-10413.495390353	-98698.915633616	-5436.038269910
227	49.16807	51.29065	117.76717	 4.66115	 0.00000	 0.00000	-10382.733458017	-98628.213647639	-5199.120932529
228	49.98678	50.41773	120.78536	 4.67719	 0.00000	 0.00000	-10364.186954187	-98518.008855558	-5123.860686316
229	48.96524	51.67086	122.99699	 4.69700	 0.00000	 0.00000	-10345.890363071	-98364.047198407	-5094.856432307
230	51.94981	54.34991	122.99699	 4.72857	 0.00000	 0.00000	-10340.339336651	-98211.083543911	-5192.309822596
231	49.88658	51.02414	122.99699	 4.72857	 0.00000	 0.00000	-10335.810125692	-98111.915362013	-5246.185894903
232	50.08274	49.56081	130.01207	 4.74716	 0.00000	 0.00000	-10285.997968435	-97840.574969799	-5019.404714547
233	52.49201	47.71624	130.59153	 4.76832	 0.00000	 0.00000	-10276.918532711	-97710.850431116	-5058.334895995
234	54.03357	49.69461	130.59153	 4.76832	 0.00000	 0.00000	-10268.856255866	-97533.562062815	-5155.000495849
235	51.57392	51.39945	131.18793	 4.79009	 0.00000	 0.00000	-10255.315518599	-97356.730166264	-5196.425019729
236	53.87176	53.52950	139.03794	 4.79676	 0.00000	 0.00000	-10218.822917577	-97322.048808968	-4866.180366802
237	56.19081	53.52950	146.12318	 4.79676	 0.00000	 0.00000	-10186.619948747	-97231.182115655	-4635.017371816
238	53.27728	55.78388	151.96110	 4.83273	 0.00000	 0.00000	-10162.675088101	-97090.922585797	-4535.828295208
239	50.74049	57.88911	151.96110	 4.85405	 0.00000	 0.00000	-10156.366733799	-96917.811614468	-4645.855723517
240	49.11457	55.84015	151.96110	 4.88231	 0.00000	 0.00000	-10151.422850624	-96826.448987818	-4687.779518418
241	49.25567	52.56473	152.39766	 4.92141	 0.00000	 0.00000	-10146.389727891	-96731.218031050	-4732.679247857
242	50.83607	55.55910	158.99578	 4.93892	 0.00000	 0.00000	-10119.832452862	-96638.306847876	-4560.017680746
243	53.51446	58.86047	165.10049	 4.95302	 0.00000	 0.00000	-10096.857307321	-96552.404036814	-4416.169036400
244	52.35406	57.07363	173.97737	 4.99913	 0.00000	 0.00000	-10068.857935434	-96433.392050251	-4255.187304092
245	51.49906	54.73672	177.69330	 5.02834	 0.00000	 0.00000	-10052.465098097	-96305.215262207	-4219.435718764
246	48.67101	52.34405	182.85636	 5.07199	 0.00000	 0.00000	-10034.962334207	-96203.232343275	-4146.390998794
247	46.87575	54.65117	183.61242	 5.09296	 0.00000	 0.00000	-10031.641913543	-96141.085445081	-4175.333690346
248	45.19775	53.08171	191.89806	 5.13598	 0.00000	 0.00000	-10005.100635668	-95996.145092226	-4054.861264455
249	46.96642	55.97940	196.57239	 5.13598	 0.00000	 0.00000	-9990.473114185	-95918.363762001	-3986.367379849
250	47.07376	54.63304	206.63036	 5.16927	 0.00000	 0.00000	-9958.796652901	-95837.384316543	-3750.582212471
251	48.97381	51.35082	206.63036	 5.16927	 0.00000	 0.00000	-9944.424413102	-95664.299508189	-3779.944622835
252	50.97578	53.73171	206.63036	 5.16927	 0.00000	 0.00000	-9934.119315896	-95532.995837724	-3808.197321234
253	49.60578	56.17498	219.53269	 5.20653	 0.00000	 0.00000	-9905.717463487	-95454.475534283	-3602.699100584
254	47.80847	54.07052	227.77730	 5.22260	 0.00000	 0.00000	-9883.099720240	-95358.452338215	-3472.544864187
255	47.80847	52.40866	236.99329	 5.25420	 0.00000	 0.00000	-9861.834969364	-95225.124513506	-3393.225180139
256	47.96447	49.52242	244.02545	 5.28712	 0.00000	 0.00000	-9848.107367217	-95155.408790240	-3325.664881925
257	48.51663	51.20263	253.74347	 5.28712	 0.00000	 0.00000	-9831.810538400	-95094.914374510	-3223.191009490
258	48.51663	48.90640	253.74347	 5.29871	 0.00000	 0.00000	-9829.009734364	-95047.938754544	-3242.158589097
259	50.15199	51.10254	253.74347	 5.32540	 0.00000	 0.00000	-9820.343108134	-94923.158985010	-3280.272096333
260	53.82992	49.02381	266.72622	 5.34370	 0.00000	 0.00000	-9796.650413699	-94808.275721577	-3158.228415416
261	51.80755	46.85815	275.25049	 5.36753	 0.00000	 0.00000	-9769.044759332	-94588.010199469	-3102.437393850
262	53.96474	46.85815	288.64601	 5.40053	 0.00000	 0.00000	-9746.699828562	-94488.963167441	-2978.035118179
263	57.36662	48.51515	289.44795	 5.41554	 0.00000	 0.00000	-9743.226916603	-94429.649521162	-3002.619644871
264	59.65197	48.63524	290.16442	 5.42894	 0.00000	 0.00000	-9737.338622902	-94345.946413189	-3027.439815831
265	57.06401	49.85059	293.90776	 5.47169	 0.00000	 0.00000	-9730.465129320	-94299.926457807	-3004.724835398
266	57.06401	49.85059	305.27810	 5.47169	 0.00000	 0.00000	-9716.650377497	-94274.859636012	-2891.644138960
267	56.05553	52.83041	309.62922	 5.51622	 0.00000	 0.00000	-9707.154408081	-94182.426164463	-2889.117916343
268	54.48718	55.36734	310.11233	 5.55816	 0.00000	 0.00000	-9702.204053729	-94092.185714845	-2929.854822449
269	56.89667	56.22197	310.11233	 5.58130	 0.00000	 0.00000	-9699.019155028	-94026.288268068	-2963.903282210
270	58.80211	58.37800	311.17789	 5.60048	 0.00000	 0.00000	-9697.570593241	-94019.332263810	-2956.373668599
271	58.95847	56.47707	312.00535	 5.64314	 0.00000	 0.00000	-9695.612931674	-94001.586188566	-2954.543128178
272	56.95828	54.94874	312.00535	 5.66717	 0.00000	 0.00000	-9691.881947653	-93945.086446737	-2973.733029797
273	59.96885	58.42437	318.05237	 5.71461	 0.00000	 0.00000	-9683.357849596	-93896.177851734	-2937.400644231
274	56.89545	58.62358	325.08765	 5.73410	 0.00000	 0.00000	-9675.422872063	-93860.305917360	-2893.922803267
275	57.09293	58.82705	326.21598	 5.75400	 0.00000	 0.00000	-9673.319168092	-93817.320795719	-2915.870885203
276	59.04951	61.40053	338.24855	 5.77798	 0.00000	 0.00000	-9660.107129933	-93802.209322305	-2798.861977026
277	62.73242	58.94118	339.38967	 5.84549	 0.00000	 0.00000	-9657.763664188	-93748.391520487	-2829.245121394
278	60.71202	59.64918	355.04574	 5.87137	 0.00000	 0.00000	-9642.363513864	-93685.251988882	-2738.383149760
279	61.00808	57.95672	356.77714	 5.92697	 0.00000	 0.00000	-9638.539939522	-93619.837109602	-2765.562285616
280	62.55631	56.72712	356.77714	 5.92697	 0.00000	 0.00000	-9638.082518950	-93614.857047661	-2765.968141839
281	60.90617	54.46480	370.99575	 5.96446	 0.00000	 0.00000	-9625.951591401	-93611.466722908	-2648.049191103
282	58.09387	54.57249	371.72926	 5.99967	 0.00000	 0.00000	-9624.455712155	-93597.965473290	-2646.591648258
283	56.77325	54.57249	388.89707	 5.99967	 0.00000	 0.00000	-9611.559365074	-93619.871404449	-2495.722246295
284	58.32575	53.76118	388.89707	 5.99967	 0.00000	 0.00000	-9611.308385340	-93616.606636786	-2496.477216609
285	61.01072	52.51022	409.90273	 6.02315	 0.00000	 0.00000	-9595.463925223	-93576.918897164	-2377.720355067
286	58.39880	55.83125	411.25476	 6.04301	 0.00000	 0.00000	-9593.390598468	-93560.790081125	-2373.115903559
287	59.01035	57.51606	422.76179	 6.08055	 0.00000	 0.00000	-9585.467626675	-93541.213467571	-2313.462799179
288	58.87903	59.29275	432.04911	 6.08055	 0.00000	 0.00000	-9579.771668194	-93522.574149931	-2275.142532007
289	57.53024	57.06788	437.90093	 6.09615	 0.00000	 0.00000	-9575.969417487	-93494.571299904	-2265.122874961
290	60.59476	60.02897	449.81700	 6.14077	 0.00000	 0.00000	-9567.797410442	-93460.561817050	-2217.412287374
291	59.44218	62.83727	449.81700	 6.16761	 0.00000	 0.00000	-9567.895894845	-93448.179592029	-2230.779356422
292	57.13149	65.07356	449.81700	 6.16761	 0.00000	 0.00000	-9568.536756759	-93447.892002495	-2237.475565092
293	59.16724	67.85319	449.81700	 6.20164	 0.00000	 0.00000	-9567.752928294	-93439.195758110	-2238.333524830
294	62.35846	67.89613	450.10164	 6.23973	 0.00000	 0.00000	-9566.837163449	-93419.234142842	-2249.137491651
295	64.29345	67.98815	450.71166	 6.24818	 0.00000	 0.00000	-9566.053795311	-93425.232855735	-2235.305097379
296	62.88021	64.70023	467.20702	 6.27134	 0.00000	 0.00000	-9558.058810310	-93417.341359020	-2163.246744084
297	62.61285	64.96733	469.13582	 6.33115	 0.00000	 0.00000	-9554.607565269	-93370.816954656	-2175.258698035
298	61.15870	62.20711	469.13582	 6.33115	 0.00000	 0.00000	-9554.723027671	-93369.853579446	-2177.376697263
299	57.91011	59.96197	482.43245	 6.35276	 0.00000	 0.00000	-9548.404480050	-93360.643419076	-2123.401381421
300	56.74284	59.96197	482.43245	 6.35276	 0.00000	 0.00000	-9548.709554076	-93358.381672885	-2128.713867879
301	55.12703	62.83918	482.43245	 6.35276	 0.00000	 0.00000	-9546.260709890	-93334.453417970	-2128.153680928
302	51.88502	62.83918	482.43245	 6.37740	 0.00000	 0.00000	-9546.300494771	-93326.375228350	-2136.629719359
303	51.88502	62.83918	505.32034	 6.38745	 0.00000	 0.00000	-9534.587711947	-93312.786523795	-2033.090595679
304	50.74410	64.50766	522.99832	 6.38745	 0.00000	 0.00000	-9527.069013103	-93299.515430610	-1971.174700415
305	48.78193	63.12205	522.99832	 6.36726	 0.00000	 0.00000	-9528.448315883	-93315.428033189	-1969.055125640
306	48.78193	65.40224	541.87404	 6.38150	 0.00000	 0.00000	-9518.499958442	-93290.496244663	-1894.503339754
307	48.98976	63.40758	571.27370	 6.40869	 0.00000	 0.00000	-9506.153326368	-93264.243230085	-1797.290033595
308	48.98976	61.53370	571.27370	 6.40869	 0.00000	 0.00000	-9499.332568873	-93212.255189496	-1781.070499231
309	50.26386	60.74574	573.77628	 6.47093	 0.00000	 0.00000	-9494.550700246	-93158.062767408	-1787.444235051
310	48.22274	58.77317	576.20945	 6.49837	 0.00000	 0.00000	-9491.399981502	-93108.437718532	-1805.562096489
311	48.39419	58.98213	578.25808	 6.52148	 0.00000	 0.00000	-9488.191896525	-93076.854675118	-1805.064290132
312	50.34883	62.04955	578.25808	 6.54441	 0.00000	 0.00000	-9487.812711016	-93068.125640576	-1810.001469581
313	52.14678	62.04955	590.10654	 6.54441	 0.00000	 0.00000	-9484.898893461	-93066.241985324	-1782.746949285
314	54.60244	64.96799	619.65197	 6.53008	 0.00000	 0.00000	-9470.212216829	-93021.355515236	-1680.766653050
315	54.60244	63.06105	631.90484	 6.54398	 0.00000	 0.00000	-9465.229828872	-93008.722487952	-1643.575800772
316	52.84087	63.23418	633.63972	 6.54446	 0.00000	 0.00000	-9465.255030169	-93027.237450423	-1625.312851266
317	55.18502	66.95999	651.64981	 6.58679	 0.00000	 0.00000	-9458.970071796	-92998.303854014	-1591.396863950
318	56.50795	69.39911	651.64981	 6.55426	 0.00000	 0.00000	-9458.466702929	-93015.150884416	-1569.516144871
319	56.50795	73.21270	658.92496	 6.58335	 0.00000	 0.00000	-9456.995398984	-93004.236847548	-1565.717142293
320	59.45709	75.63807	673.61746	 6.61842	 0.00000	 0.00000	-9452.079992573	-92978.020142768	-1542.779782965
321	57.87502	80.19184	673.61746	 6.61842	 0.00000	 0.00000	-9452.856788310	-92998.021926289	-1530.545956809
322	56.94708	77.71938	673.61746	 6.65699	 0.00000	 0.00000	-9452.178694325	-92972.974306626	-1548.812636623
323	59.71394	75.84244	673.61746	 6.65699	 0.00000	 0.00000	-9451.297317907	-92971.668408431	-1541.304770635
324	57.00034	75.84244	703.61756	 6.69250	 0.00000	 0.00000	-9443.013896085	-92954.393697338	-1475.745263512
325	60.05619	76.30085	757.16384	 6.76298	 0.00000	 0.00000	-9429.479277868	-92926.069256711	-1368.723521972
326	63.19076	73.57214	803.92980	 6.80539	 0.00000	 0.00000	-9420.276861166	-92913.732939576	-1289.035672088
327	61.50978	72.30042	832.45407	 6.81247	 0.00000	 0.00000	-9414.353749949	-92902.611529026	-1240.925970460
328	59.71869	76.33323	833.91743	 6.82444	 0.00000	 0.00000	-9415.401990943	-92905.836765894	-1248.183143533
329	57.46031	76.33323	833.91743	 6.82444	 0.00000	 0.00000	-9415.151901307	-92904.398296718	-1247.120716351
330	59.85613	72.39092	866.90455	 6.80677	 0.00000	 0.00000	-9409.275690157	-92909.802736006	-1182.954165564
331	58.35695	73.68186	920.31398	 6.83077	 0.00000	 0.00000	-9401.646639740	-92907.489465644	-1108.976931753
332	62.95819	71.16370	920.31398	 6.80674	 0.00000	 0.00000	-9401.807413918	-92921.746772168	-1096.327367008
333	62.95819	71.16370	960.47304	 6.83903	 0.00000	 0.00000	-9395.918397405	-92907.819199923	-1051.364774130
334	64.89976	67.40642	1011.78008	 6.87935	 0.00000	 0.00000	-9386.614777315	-92860.404523505	-1005.743249641
335	67.48116	65.75904	1047.16448	 6.86869	 0.00000	 0.00000	-9382.999765138	-92864.676523225	-965.321128158
336	67.73249	67.14166	1095.86531	 6.89427	 0.00000	 0.00000	-9375.669096738	-92836.929921660	-919.761045720
337	66.19243	67.41172	1100.27312	 6.95656	 0.00000	 0.00000	-9374.593184032	-92822.761382056	-923.170458261
338	63.63901	67.41172	1100.27312	 6.99033	 0.00000	 0.00000	-9375.703047518	-92824.449624087	-932.580851089
339	63.31717	65.09577	1096.10679	 6.93083	 0.00000	 0.00000	-9377.291940356	-92843.588391375	-929.331012184
340	63.47181	68.14196	1131.67372	 6.92786	 0.00000	 0.00000	-9373.721958710	-92834.217209303	-903.002377800
341	67.37510	64.60505	1091.34677	 6.93084	 0.00000	 0.00000	-9377.548465507	-92829.267205390	-946.217449679
342	64.70967	62.52958	1094.67522	 6.98682	 0.00000	 0.00000	-9366.288670279	-92721.497227320	-941.389475474
343	61.96510	65.85865	1138.81069	 7.02731	 0.00000	 0.00000	-9360.841657482	-92699.066070632	-909.350504189
344	59.73660	68.86604	1182.59244	 7.02731	 0.00000	 0.00000	-9348.460386078	-92617.572544511	-867.031316271
345	59.57663	68.68161	1144.37019	 7.00849	 0.00000	 0.00000	-9347.505408171	-92587.870409738	-887.183671972
346	58.40440	66.47257	1100.33967	 6.98525	 0.00000	 0.00000	-9349.703794765	-92560.238474136	-936.799473514
347	60.95879	69.66950	1087.93896	 7.03116	 0.00000	 0.00000	-9348.865590122	-92533.853542421	-954.802358795
348	61.10108	72.51985	1090.47856	 7.00602	 0.00000	 0.00000	-9348.610752810	-92547.474400430	-938.633127668
349	59.85496	75.70484	1091.96942	 7.04865	 0.00000	 0.00000	-9349.428957143	-92553.997730680	-940.291840747
350	62.82226	73.23724	1089.79646	 7.05672	 0.00000	 0.00000	-9348.026317609	-92542.284755530	-937.978420559
351	63.06520	71.47235	1137.00744	 7.08401	 0.00000	 0.00000	-9342.132119048	-92516.697609564	-904.623580920
352	61.62947	68.21391	1115.94500	 7.09360	 0.00000	 0.00000	-9343.999729142	-92513.208159116	-926.789132306
353	58.28945	66.71045	1118.33215	 7.07949	 0.00000	 0.00000	-9343.211050652	-92510.956629001	-921.153877515
354	55.75968	64.89028	1121.75493	 7.06953	 0.00000	 0.00000	-9342.361677688	-92512.034646504	-911.582130372
355	54.73564	67.30025	1119.14055	 7.08735	 0.00000	 0.00000	-9341.758850017	-92500.628351425	-916.960148745
356	56.38999	67.30025	1119.14055	 7.11527	 0.00000	 0.00000	-9342.116192780	-92497.547537098	-923.614390706
357	56.57657	63.93967	1122.84347	 7.12203	 0.00000	 0.00000	-9341.552865231	-92483.458495995	-932.070156315
358	56.44141	61.11115	1120.16112	 7.08135	 0.00000	 0.00000	-9342.677850592	-92501.677314166	-925.101191754
359	54.58866	59.09219	1122.76948	 7.05504	 0.00000	 0.00000	-9342.491624062	-92492.829851419	-932.086389204
360	55.96322	61.92914	1125.54633	 7.02422	 0.00000	 0.00000	-9341.441554610	-92501.863386104	-912.552160001
361	58.59762	62.06987	1103.19468	 7.05701	 0.00000	 0.00000	-9341.823932315	-92481.553326480	-936.685996672
362	55.81156	59.45171	1106.27974	 7.11246	 0.00000	 0.00000	-9341.704670147	-92457.417527647	-959.629173820
363	56.88977	62.10908	1110.17153	 7.17148	 0.00000	 0.00000	-9338.983400266	-92431.890120802	-957.943881860
364	55.06210	63.62251	1112.24589	 7.18488	 0.00000	 0.00000	-9338.508672553	-92430.256199964	-954.830525562
365	54.91562	61.63477	1109.28715	 7.16576	 0.00000	 0.00000	-9339.239483765	-92439.921626356	-952.473211298
366	55.13220	59.70366	1113.66207	 7.21369	 0.00000	 0.00000	-9338.616583557	-92432.676389238	-953.489446334
367	57.03324	58.64131	1085.40302	 7.20639	 0.00000	 0.00000	-9341.130319061	-92434.795215980	-976.507974633
368	59.73286	56.24179	1130.49505	 7.21991	 0.00000	 0.00000	-9335.672015423	-92419.796857375	-936.923296857
369	61.32000	58.38385	1114.92426	 7.19423	 0.00000	 0.00000	-9338.118766436	-92430.160798435	-951.026865926
370	64.16894	58.38385	1114.92426	 7.17340	 0.00000	 0.00000	-9336.701169903	-92421.161932353	-945.849766680
371	64.55101	58.73147	1133.00248	 7.18257	 0.00000	 0.00000	-9334.656235995	-92423.303063895	-923.259296052
372	60.24975	60.90891	1071.28737	 7.19815	 0.00000	 0.00000	-9340.421836105	-92430.045421016	-974.172940031
373	61.69530	59.70631	1068.57573	 7.15521	 0.00000	 0.00000	-9338.355542248	-92415.620883196	-967.934539283
374	60.48010	59.77177	1069.74738	 7.19203	 0.00000	 0.00000	-9334.912204648	-92373.649423576	-975.472622906
375	62.39323	59.52154	1108.44832	 7.13998	 0.00000	 0.00000	-9329.618380812	-92362.248892825	-933.934915291
376	64.88408	57.45803	1072.40441	 7.13094	 0.00000	 0.00000	-9331.597946239	-92350.462109237	-965.517353149
377	65.10861	54.55444	1076.11534	 7.13049	 0.00000	 0.00000	-9330.606615800	-92336.038574813	-970.027583189
378	65.07321	56.19619	1075.53027	 7.12662	 0.00000	 0.00000	-9327.161409502	-92300.534479601	-971.079615420
379	65.20906	57.45620	1107.98637	 7.11585	 0.00000	 0.00000	-9321.600003335	-92281.648317495	-934.351715852
380	68.21782	57.56264	1110.03890	 7.10699	 0.00000	 0.00000	-9320.363685714	-92269.165111129	-934.471746013
381	65.52533	56.57325	1111.32675	 7.08228	 0.00000	 0.00000	-9319.947006613	-92260.752956462	-938.717109668
382	65.74974	56.76701	1125.26909	 7.14182	 0.00000	 0.00000	-9319.397444433	-92254.612347438	-939.362096889
383	68.73170	59.44195	1152.48785	 7.19090	 0.00000	 0.00000	-9316.114534053	-92243.494127821	-917.651212705
384	66.06879	59.33789	1150.47031	 7.14890	 0.00000	 0.00000	-9315.120649453	-92247.665409299	-903.541085232
385	63.15075	59.91370	1153.19807	 7.13011	 0.00000	 0.00000	-9315.606621995	-92256.084468714	-899.981751233
386	59.92085	57.09398	1150.33750	 7.11242	 0.00000	 0.00000	-9316.437245148	-92253.551513203	-910.820938279
387	58.52216	59.47838	1147.63375	 7.09571	 0.00000	 0.00000	-9315.622520102	-92253.402677906	-902.822523114
388	60.68234	56.71536	1150.28724	 7.14310	 0.00000	 0.00000	-9315.107259997	-92237.762083398	-913.310516574
389	57.07593	59.84456	1152.92909	 7.15950	 0.00000	 0.00000	-9314.714655631	-92231.508384677	-915.638171631
390	59.76933	59.63648	1098.47977	 7.11866	 0.00000	 0.00000	-9320.304981089	-92248.115858667	-954.933952226
391	59.89374	57.01723	1100.76619	 7.13348	 0.00000	 0.00000	-9319.301674528	-92232.526846873	-960.489898410
392	56.80986	59.96227	1123.78846	 7.14831	 0.00000	 0.00000	-9317.578350695	-92236.068647894	-939.714859058
393	54.58674	62.51920	1125.03868	 7.14628	 0.00000	 0.00000	-9316.725118874	-92226.985224002	-940.265964743
394	55.95217	60.49453	1125.03868	 7.17305	 0.00000	 0.00000	-9317.482604770	-92225.603267528	-949.222780169
395	53.85371	58.54627	1127.06939	 7.18600	 0.00000	 0.00000	-9317.430495528	-92226.516597147	-947.788358136
396	53.71808	59.56057	1089.94851	 7.18247	 0.00000	 0.00000	-9321.424092229	-92241.340591086	-972.900331207
397	51.70490	61.82716	1087.87558	 7.12662	 0.00000	 0.00000	-9322.550715707	-92256.624082855	-968.883074215
398	50.68424	58.92409	1125.86462	 7.12165	 0.00000	 0.00000	-9319.454533540	-92261.221516263	-933.323819141
399	52.23047	58.85894	1073.36926	 7.14639	 0.00000	 0.00000	-9323.741849454	-92246.403973990	-991.014520549
400	53.49681	61.17245	1070.40595	 7.12666	 0.00000	 0.00000	-9323.550564625	-92259.517085299	-975.988560946
401	53.49681	63.01666	1070.40595	 7.08778	 0.00000	 0.00000	-9323.888126133	-92270.452014833	-968.429246496
402	51.87017	59.56681	1112.19535	 7.06058	 0.00000	 0.00000	-9318.919306898	-92252.257155783	-936.935913196
403	51.24698	61.53659	1088.12656	 7.08668	 0.00000	 0.00000	-9321.751502221	-92247.210168469	-970.304853745
404	49.60181	64.27595	1090.83876	 7.13201	 0.00000	 0.00000	-9320.671892461	-92234.775001615	-971.943922994
405	49.60181	63.01629	1090.83876	 7.18097	 0.00000	 0.00000	-9320.684232017	-92225.997772618	-980.844547557
406	49.74496	62.01136	1147.75365	 7.17988	 0.00000	 0.00000	-9315.091643798	-92225.897062042	-925.019375939
407	49.54937	59.30382	1146.66253	 7.17634	 0.00000	 0.00000	-9315.551758972	-92227.238185737	-928.279403983
408	51.31008	58.65780	1073.48899	 7.20253	 0.00000	 0.00000	-9323.364197901	-92229.499481818	-1004.142497196
409	50.02671	59.71216	1073.48899	 7.20253	 0.00000	 0.00000	-9323.890172689	-92236.453721749	-1002.448005144
410	50.15396	58.46261	1076.21954	 7.23615	 0.00000	 0.00000	-9322.584563413	-92220.465624206	-1005.380009921
411	50.13007	58.43476	1075.70698	 7.24255	 0.00000	 0.00000	-9321.731845910	-92210.981365740	-1006.337093359
412	50.25913	61.60435	1078.47633	 7.29206	 0.00000	 0.00000	-9320.730488811	-92191.288281948	-1016.016606167
413	52.60846	65.03886	1121.23810	 7.30814	 0.00000	 0.00000	-9315.771885130	-92185.913994658	-971.804856638
414	50.21367	68.77927	1123.82260	 7.30225	 0.00000	 0.00000	-9315.634559601	-92188.122126410	-968.223469598
415	52.02071	65.15309	1072.15248	 7.28811	 0.00000	 0.00000	-9320.947875955	-92196.474077022	-1013.004682530
416	54.60806	63.21306	1140.97856	 7.24064	 0.00000	 0.00000	-9313.427071701	-92199.857430581	-934.413286431
417	54.50223	60.91600	1138.76722	 7.20031	 0.00000	 0.00000	-9313.667605119	-92197.894526806	-938.781524388
418	56.09313	62.37060	1091.95316	 7.18897	 0.00000	 0.00000	-9317.626647422	-92194.815536665	-981.450937559
419	56.05421	59.30030	1091.19559	 7.18399	 0.00000	 0.00000	-9317.995620605	-92193.603349790	-986.352856263
420	59.23314	56.39949	1129.65278	 7.19441	 0.00000	 0.00000	-9313.671054472	-92182.497435483	-954.213109239
421	62.42079	58.73531	1133.06306	 7.19504	 0.00000	 0.00000	-9314.004287418	-92194.917437491	-945.125436689
422	64.64758	57.32764	1076.74925	 7.23931	 0.00000	 0.00000	-9319.853469698	-92191.763618812	-1006.771078164
423	63.07021	54.81477	1136.57999	 7.25649	 0.00000	 0.00000	-9313.874579212	-92183.094370575	-955.651421546
424	61.29723	56.93990	1088.93582	 7.28955	 0.00000	 0.00000	-9317.829010949	-92173.984751942	-1004.305357551
425	62.09275	54.64441	1084.65883	 7.27997	 0.00000	 0.00000	-9319.450722957	-92197.951109452	-996.556120118
426	59.07251	56.95173	1087.17448	 7.29686	 0.00000	 0.00000	-9318.586414985	-92201.933832110	-983.930317738
427	61.78896	59.85119	1053.54080	 7.28683	 0.00000	 0.00000	-9321.759804184	-92202.009661768	-1015.588380073
428	64.78781	62.81268	1055.98337	 7.27734	 0.00000	 0.00000	-9322.119006492	-92212.320665675	-1008.869399243
429	66.77653	66.01127	1054.54392	 7.24500	 0.00000	 0.00000	-9321.108751232	-92216.052987609	-995.034524708
430	65.22249	68.80674	1089.27516	 7.28716	 0.00000	 0.00000	-9316.553097451	-92199.910166094	-965.620808412
431	63.08797	66.14343	1152.33569	 7.26923	 0.00000	 0.00000	-9309.574867126	-92188.532925313	-907.215745950
432	62.18615	66.14343	1099.81120	 7.24049	 0.00000	 0.00000	-9315.044324457	-92191.544609366	-958.898635200
433	60.10180	63.09213	1137.01887	 7.26287	 0.00000	 0.00000	-9312.361393935	-92190.933507258	-932.680432091
434	63.83261	65.76952	1091.25986	 7.26658	 0.00000	 0.00000	-9315.595601222	-92195.718144182	-960.237868034
435	66.55814	62.44433	1089.06936	 7.27447	 0.00000	 0.00000	-9316.116687295	-92197.286403533	-963.880469422
436	65.63260	59.81369	1091.22895	 7.25680	 0.00000	 0.00000	-9317.561684257	-92208.888584519	-966.728258056
437	63.41442	62.44170	1094.48814	 7.30409	 0.00000	 0.00000	-9316.296763700	-92188.948717880	-974.018919117
438	61.84789	62.64861	1098.11488	 7.36063	 0.00000	 0.00000	-9316.618359536	-92178.317076907	-987.866518455
439	63.61810	62.49147	1095.36047	 7.29653	 0.00000	 0.00000	-9315.450972364	-92186.867240930	-967.642482710
440	63.04182	64.66647	1110.41535	 7.28486	 0.00000	 0.00000	-9315.368897159	-92194.316772949	-959.372198641
441	59.86851	61.70434	1151.18075	 7.23696	 0.00000	 0.00000	-9311.714148173	-92196.628313129	-920.513168603
442	62.68513	63.29820	1155.78817	 7.28992	 0.00000	 0.00000	-9310.977918485	-92195.993900004	-913.785284851
443	63.89770	61.35397	1111.76999	 7.27442	 0.00000	 0.00000	-9315.033860531	-92200.081482511	-950.257122801
444	61.16544	59.33240	1109.31450	 7.22179	 0.00000	 0.00000	-9315.125451145	-92203.712128984	-947.542382470
445	57.84359	62.33230	1152.43560	 7.21773	 0.00000	 0.00000	-9310.676802811	-92198.603918695	-908.164109415
446	55.76324	65.94961	1125.91602	 7.23527	 0.00000	 0.00000	-9314.187448925	-92209.148539777	-932.725949474
447	56.95275	64.17712	1122.54686	 7.24211	 0.00000	 0.00000	-9314.294911399	-92208.429143726	-934.519970264
448	54.17082	66.15271	1102.30594	 7.23198	 0.00000	 0.00000	-9317.423159631	-92219.101427792	-955.130168522
449	53.92523	62.89268	1097.30855	 7.17108	 0.00000	 0.00000	-9316.925561086	-92221.872764926	-947.382845938
450	53.92523	62.89268	1111.19172	 7.19314	 0.00000	 0.00000	-9315.124544423	-92207.898404801	-943.347039432
451	53.74988	61.64126	1082.79914	 7.20576	 0.00000	 0.00000	-9319.074870301	-92217.336043843	-973.412659169
452	55.92802	63.79071	1079.18822	 7.21043	 0.00000	 0.00000	-9318.995972862	-92214.283076476	-975.676652140
453	57.33881	61.04638	1109.80348	 7.25764	 0.00000	 0.00000	-9315.592635945	-92202.848272907	-953.078086540
454	55.29579	59.82457	1109.80348	 7.28518	 0.00000	 0.00000	-9316.017286064	-92198.858721246	-961.314139396
455	55.33253	56.91351	1110.54077	 7.26706	 0.00000	 0.00000	-9315.245036831	-92187.163164969	-965.287203345
456	53.37984	55.04964	1114.66255	 7.28039	 0.00000	 0.00000	-9315.586257436	-92196.217660773	-959.644913591
457	54.66769	56.70856	1114.66255	 7.24715	 0.00000	 0.00000	-9314.977918733	-92195.721638101	-954.057549231
458	57.07372	58.33452	1112.57055	 7.26489	 0.00000	 0.00000	-9314.107276453	-92192.201202862	-948.871561667
459	54.23591	61.79926	1114.48419	 7.30293	 0.00000	 0.00000	-9315.304762171	-92193.653325812	-959.394295894
460	56.33512	65.31529	1117.28919	 7.32131	 0.00000	 0.00000	-9315.400756193	-92196.294347251	-957.713214682
461	55.27404	68.53228	1121.14163	 7.36381	 0.00000	 0.00000	-9315.659316171	-92198.717607568	-957.875554141
462	55.14172	64.46847	1118.45764	 7.31983	 0.00000	 0.00000	-9315.193958366	-92202.060618131	-949.878965534
463	56.44252	62.31866	1114.93755	 7.29679	 0.00000	 0.00000	-9315.611364631	-92201.024091252	-955.089555059
464	58.78329	63.72646	1110.74611	 7.30202	 0.00000	 0.00000	-9315.805267919	-92200.080050521	-957.972628673
465	61.09681	61.06297	1110.74611	 7.32126	 0.00000	 0.00000	-9315.053488841	-92190.797970501	-959.736917912
466	58.76681	58.49669	1107.92931	 7.28385	 0.00000	 0.00000	-9315.549026195	-92194.366944713	-961.123317238
467	61.50475	58.39175	1105.94175	 7.23918	 0.00000	 0.00000	-9316.632430017	-92211.074464666	-955.249835507
468	59.31990	54.83867	1067.62030	 7.26828	 0.00000	 0.00000	-9320.502272774	-92190.788206943	-1014.234520801
469	62.10169	58.50986	1071.90606	 7.27184	 0.00000	 0.00000	-9320.330915792	-92197.127748932	-1006.181408988
470	64.53330	59.92150	1134.80571	 7.25007	 0.00000	 0.00000	-9313.884510035	-92201.864780552	-936.980319803
471	62.34370	59.24076	1134.80571	 7.27970	 0.00000	 0.00000	-9312.820629888	-92190.565045629	-937.641253255
472	61.25119	61.03071	1130.95378	 7.22333	 0.00000	 0.00000	-9312.716343940	-92195.671505619	-931.491933777
473	64.55252	58.67291	1134.27200	 7.26981	 0.00000	 0.00000	-9311.028246063	-92174.399672982	-935.882787645
474	62.63126	60.75812	1120.41002	 7.29532	 0.00000	 0.00000	-9312.238995477	-92166.700534700	-955.689420066
475	65.35530	62.42220	1117.78292	 7.25424	 0.00000	 0.00000	-9312.247191307	-92178.545441120	-943.926471953
476	63.43536	64.49895	1150.59551	 7.20665	 0.00000	 0.00000	-9309.238696663	-92187.373119045	-905.013847583
477	65.34940	67.66059	1112.67073	 7.24544	 0.00000	 0.00000	-9311.764378195	-92174.886688247	-942.757093700
478	66.58772	70.69531	1112.67073	 7.27703	 0.00000	 0.00000	-9312.487919432	-92179.545336176	-945.333858146
479	68.87994	66.90275	1108.91795	 7.22235	 0.00000	 0.00000	-9311.769794529	-92177.809238108	-939.888707178
480	66.54831	69.40277	1111.30139	 7.19358	 0.00000	 0.00000	-9312.333494699	-92180.453247996	-942.881698995
481	68.63386	69.18178	1107.76283	 7.19793	 0.00000	 0.00000	-9312.333555856	-92176.297927989	-947.037630571
482	71.00888	67.27369	1105.63693	 7.18373	 0.00000	 0.00000	-9311.921682082	-92173.264384781	-945.952436039
483	71.24191	64.49153	1109.26526	 7.22121	 0.00000	 0.00000	-9312.102714588	-92166.856170339	-954.170975542
484	73.16692	65.35533	1105.43925	 7.20095	 0.00000	 0.00000	-9312.228584654	-92169.086644907	-953.199201634
485	70.17448	65.11420	1101.36067	 7.20596	 0.00000	 0.00000	-9311.863465097	-92160.068363676	-958.566287298
486	67.81604	64.97305	1098.97320	 7.19034	 0.00000	 0.00000	-9313.010211478	-92167.769777842	-962.332336933
487	67.61415	64.77963	1095.70164	 7.19252	 0.00000	 0.00000	-9313.097775780	-92173.500009552	-957.477748245
488	63.22365	62.74577	1135.18854	 7.24401	 0.00000	 0.00000	-9310.106225470	-92169.698117026	-931.364137671
489	65.89609	65.76078	1131.54100	 7.25841	 0.00000	 0.00000	-9309.202304303	-92174.363263055	-917.659779972
490	70.11989	67.64569	1106.09082	 7.26752	 0.00000	 0.00000	-9311.503107931	-92176.844592368	-938.186486938
491	72.51576	63.83657	1110.35560	 7.31923	 0.00000	 0.00000	-9310.403219844	-92159.509371929	-944.522826511
492	69.41693	61.49165	1110.90407	 7.28238	 0.00000	 0.00000	-9311.353942860	-92170.399168135	-943.140260461
493	66.57809	63.72907	1091.65143	 7.30978	 0.00000	 0.00000	-9313.163207025	-92155.697835116	-975.934235133
494	63.67625	66.41001	1088.51880	 7.28880	 0.00000	 0.00000	-9313.551326264	-92150.883553999	-984.629708642
495	67.07844	64.57373	1118.91494	 7.25496	 0.00000	 0.00000	-9310.418467176	-92157.505945341	-946.678726416
496	64.46031	62.36588	1115.91782	 7.20210	 0.00000	 0.00000	-9310.273310867	-92156.426859390	-946.306249280
497	66.25302	64.21882	1093.96311	 7.22512	 0.00000	 0.00000	-9313.096612329	-92158.906720301	-972.059402992
498	65.12930	66.42940	1141.19129	 7.27376	 0.00000	 0.00000	-9308.580407036	-92157.266362857	-928.537707502
499	61.54360	68.50819	1099.62255	 7.21115	 0.00000	 0.00000	-9313.176647451	-92170.253052326	-961.513422184
