,hm_data_likelihood,hyp_gene_likelihood,root,ref_gene_likelihood,rbf_ratio
0,14082.097996289756,622.5417534569897,535.1963076062275,535.1963076062275,-87.34544585076219
1,14054.888254600328,615.6979219701954,521.7857374743091,521.7857374743091,-93.91218449588621
2,14056.459106814522,615.587399413689,526.2993750052736,526.2993750052736,-89.28802440841537
3,14040.623385698182,605.8352941183946,514.11296500066,514.11296500066,-91.7223291177346
4,14043.18509936048,606.3342524831859,497.32123331566004,497.32123331566004,-109.01301916752584
5,14043.923278147478,620.3458209052786,523.2901950810387,523.2901950810387,-97.05562582423988
6,14030.252333112343,613.7007937168094,518.1893169456071,518.1893169456071,-95.5114767712023
7,14037.74148838026,607.383157802904,510.1545700439169,510.1545700439169,-97.22858775898703
8,14032.320956679641,608.3816424125362,515.1858198178766,515.1858198178766,-93.1958225946596
9,14035.526141167164,614.2872742558628,526.2032272302748,526.2032272302748,-88.084047025588
10,14038.411583327934,623.1697767204607,540.5623888378607,540.5623888378607,-82.60738788260005
11,14031.793584846251,616.6363070610804,535.5995772925946,535.5995772925946,-81.03672976848577
12,14034.327145525845,610.4384717389349,524.9434570296282,524.9434570296282,-85.4950147093067
13,14027.691336996892,608.6366150093182,521.2328285549614,521.2328285549614,-87.4037864543568
14,14031.197430454318,596.4341137803113,497.49489718227767,497.49489718227767,-98.93921659803368
15,14036.83120401273,599.6145251516466,503.1138539464513,503.1138539464513,-96.50067120519532
16,14031.607882018185,606.0161258140392,498.5924455097602,498.5924455097602,-107.42368030427906
17,14029.70116800231,590.9611314693046,466.17600310567707,466.17600310567707,-124.78512836362756
18,14027.879742507348,618.98713865008,523.0013100456121,523.0013100456121,-95.985828604468
19,14032.80436316986,608.9343235975903,510.51051278807375,510.51051278807375,-98.42381080951651
20,14041.875106443493,629.4511382251657,527.6143402628934,527.6143402628934,-101.83679796227227
21,14036.923974871057,624.6048191929041,521.1789405178743,521.1789405178743,-103.42587867502982
22,14037.656690064234,624.0304357967962,518.531569388614,518.531569388614,-105.49886640818215
23,14041.995320673746,628.7090760928314,521.1697629036248,521.1697629036248,-107.53931318920661
24,14033.258271399678,627.0606952030247,517.3696920470503,517.3696920470503,-109.69100315597439
25,14032.497873858982,616.696647149396,497.6812096512299,497.6812096512299,-119.01543749816608
26,14032.983587957966,613.166814620572,499.1436545375503,499.1436545375503,-114.02316008302176
27,14036.35333588242,615.1095925961505,505.5846283057757,505.5846283057757,-109.52496429037478
28,14033.980983344223,624.8310545518559,520.3520300391394,520.3520300391394,-104.47902451271648
29,14034.74960516623,621.3639881630589,514.7991174293728,514.7991174293728,-106.56487073368612
30,14030.452446122934,608.8859646441306,497.06559514212995,497.06559514212995,-111.82036950200063
31,14030.060265148453,608.9210392615349,496.5062784257422,496.5062784257422,-112.41476083579272
32,14030.607433267129,620.1144899274425,520.09854344102,520.09854344102,-100.01594648642254
33,14030.708287904792,613.3937770112099,514.4942676390115,514.4942676390115,-98.8995093721984
34,14025.827954615217,602.674121175967,508.24600249428164,508.24600249428164,-94.42811868168536
35,14027.477774391256,615.2484214888372,519.6170887387939,519.6170887387939,-95.63133275004327
36,14031.216306444483,604.0965330688414,504.73626610091225,504.73626610091225,-99.36026696792914
37,14031.287622308608,611.6700328301122,506.7509577018848,506.7509577018848,-104.9190751282274
38,14034.663921103616,603.6119127974781,510.54450233118484,510.54450233118484,-93.06741046629327
39,14034.087615275925,600.7529605817637,497.1977396992012,497.1977396992012,-103.55522088256248
40,14028.107684456116,595.5267663347987,493.33323535538204,493.33323535538204,-102.19353097941666
41,14029.397021672106,596.6515625812351,495.8231460038188,495.8231460038188,-100.8284165774163
42,14029.184941410682,594.1928406686546,479.4341265945186,479.4341265945186,-114.75871407413604
43,14025.55251723828,598.2390577317508,475.4359660055521,475.4359660055521,-122.80309172619872
44,14030.241227551824,604.1695142249334,478.1201430252379,478.1201430252379,-126.04937119969554
45,14026.141690470202,598.3644646907886,470.1508927265486,470.1508927265486,-128.21357196424003
46,14030.097734794392,610.3981629776737,486.3293701686998,486.3293701686998,-124.06879280897385
47,14034.61380250007,619.9242942104264,499.94777663593777,499.94777663593777,-119.97651757448864
48,14030.739197921244,607.5048592351211,475.69610992102895,475.69610992102895,-131.80874931409215
49,14038.826902964958,621.0015067674358,499.0426358221397,499.0426358221397,-121.9588709452961
50,14035.83340211356,628.3019464570478,517.0262800426997,517.0262800426997,-111.27566641434817
51,14033.761517474431,617.0551349184859,492.552202421003,492.552202421003,-124.5029324974829
52,14032.794613557773,617.9146537732646,506.80923447745363,506.80923447745363,-111.10541929581098
53,14030.732649637162,623.8321731599154,498.70213395658743,498.70213395658743,-125.13003920332801
54,14035.764791065145,634.0125340621526,529.5915437137683,529.5915437137683,-104.4209903483843
55,14032.92451403305,621.6726082155802,501.65263231326855,501.65263231326855,-120.01997590231167
56,14033.903866872835,620.5520120596356,501.9647988665914,501.9647988665914,-118.58721319304414
57,14031.305291503259,617.1329770907523,498.4816947325104,498.4816947325104,-118.65128235824193
58,14037.55410899941,624.2153700405579,528.3507562781607,528.3507562781607,-95.8646137623972
59,14026.643110619996,613.6207811568418,508.6392510848,508.6392510848,-104.98153007204178
60,14027.503858828564,612.8702573092722,502.01819357573186,502.01819357573186,-110.85206373354038
61,14029.407737595453,611.2336974612989,501.0277666760045,501.0277666760045,-110.20593078529441
62,14030.301536802543,608.9505453345591,489.1200689679946,489.1200689679946,-119.83047636656454
63,14027.045446599854,606.5926428080836,479.54264038763745,479.54264038763745,-127.05000242044616
64,14029.6529196868,613.3083484482048,502.66263722803774,502.66263722803774,-110.64571122016707
65,14027.920400206784,620.1822478327306,507.6699830318407,507.6699830318407,-112.51226480088991
66,14028.984396018572,599.7286995266733,473.52081455416374,473.52081455416374,-126.20788497250953
67,14029.843462307825,614.2995753004925,497.51573680829995,497.51573680829995,-116.78383849219256
68,14029.13511007327,605.2374670098051,483.42096494564026,483.42096494564026,-121.81650206416481
69,14033.75803758422,605.4074165454476,464.8186669299886,464.8186669299886,-140.58874961545905
70,14026.438412318046,603.7316804262152,449.89519305748576,449.89519305748576,-153.83648736872948
71,14024.869429159658,605.1519395505328,447.0324546824217,447.0324546824217,-158.1194848681111
72,14031.978444630256,608.8200788900448,460.5486646656185,460.5486646656185,-148.27141422442628
73,14031.345014686192,629.3647456981305,495.3532356932375,495.3532356932375,-134.011510004893
74,14029.446026223695,619.7979570822405,474.1995820783045,474.1995820783045,-145.59837500393598
75,14028.569757634132,613.1359089091692,460.4782422100593,460.4782422100593,-152.65766669910988
76,14027.930614963117,617.6106245804294,466.7605784582778,466.7605784582778,-150.85004612215164
77,14032.935641828451,623.4653585779595,474.2484305303724,474.2484305303724,-149.2169280475871
78,14028.434372160234,622.0181065702835,470.8187312421505,470.8187312421505,-151.19937532813304
79,14033.337231374684,611.1070755944186,455.2430898685555,455.2430898685555,-155.86398572586307
80,14031.649773731828,625.9677330713946,468.71946337746726,468.71946337746726,-157.24826969392734
81,14030.46376617042,611.0495220467017,445.3493990051812,445.3493990051812,-165.70012304152044
82,14031.771483523999,614.629702636843,449.9621660558003,449.9621660558003,-164.66753658104273
83,14032.31002903347,625.2148866337554,465.7031711168345,465.7031711168345,-159.51171551692096
84,14027.116443438352,626.4096920617031,446.4099017902819,446.4099017902819,-179.99979027142126
85,14030.005945960644,628.0966305147174,453.26554125113887,453.26554125113887,-174.83108926357852
86,14031.181897669137,624.2764288194084,445.84622960105594,445.84622960105594,-178.4301992183524
87,14031.685811076859,625.5151787389639,454.1001121615724,454.1001121615724,-171.41506657739149
88,14034.823791533769,627.0283466880155,475.50855263833955,475.50855263833955,-151.51979404967597
89,14031.3399423284,611.7029681398253,430.9091292360932,430.9091292360932,-180.79383890373214
90,14031.133172588112,615.4245303413244,451.6014014968365,451.6014014968365,-163.82312884448788
91,14027.557043044568,613.134519842557,442.09106180106613,442.09106180106613,-171.04345804149085
92,14029.66885875187,603.1657901061569,427.96710742116585,427.96710742116585,-175.19868268499107
93,14029.486419384863,617.2960826143624,453.03339659143705,453.03339659143705,-164.26268602292532
94,14031.864719054312,623.5024461798237,453.3801154539806,453.3801154539806,-170.12233072584309
95,14033.214789219172,636.9285206506684,494.8468559820925,494.8468559820925,-142.08166466857585
96,14036.495404197358,608.9736485419852,455.17015714483784,455.17015714483784,-153.80349139714735
97,14035.784819039045,589.7458492303612,408.0274127075758,408.0274127075758,-181.71843652278534
98,14025.762930187255,607.1824663220142,470.89187334641304,470.89187334641304,-136.29059297560116
99,14025.363288379442,607.866902597303,464.3019732787792,464.3019732787792,-143.5649293185238
100,14035.226206618585,628.6149781924871,493.3736615350126,493.3736615350126,-135.2413166574745
101,14031.965432254103,610.5836130170592,454.1400336437832,454.1400336437832,-156.44357937327595
102,14025.277323425735,601.8670173421108,440.17779139458287,440.17779139458287,-161.68922594752792
103,14029.484604258663,609.1351623849624,442.99211121600786,442.99211121600786,-166.14305116895457
104,14028.835970785214,616.2981409017048,455.1855630510855,455.1855630510855,-161.11257785061923
105,14032.300290133013,619.073530443908,464.8052249922398,464.8052249922398,-154.2683054516682
106,14035.239442381047,630.2322797372491,477.14445830287184,477.14445830287184,-153.08782143437725
107,14030.111404884292,608.2614743877274,453.73527857668705,453.73527857668705,-154.52619581104034
108,14030.950969452135,608.5127289843456,444.6299347886922,444.6299347886922,-163.8827941956534
109,14034.392099862689,599.3546529570355,410.5843353119702,410.5843353119702,-188.77031764506523
110,14030.545888768898,596.2716151758922,416.7519689566296,416.7519689566296,-179.5196462192626
111,14028.14438807161,604.4606574242861,432.64217592616035,432.64217592616035,-171.81848149812572
112,14030.031984272257,620.0323903113966,461.6762048426207,461.6762048426207,-158.35618546877595
113,14029.293651466429,594.5322547000504,391.3485858989802,391.3485858989802,-203.1836688010702
114,14030.246061511032,604.3228817657982,420.56112258575195,420.56112258575195,-183.76175918004628
115,14027.265322192326,606.7333675080789,443.09963280926297,443.09963280926297,-163.63373469881594
116,14026.539742656507,605.3930026813541,442.9346577074721,442.9346577074721,-162.458344973882
117,14030.078648834618,623.0604591923294,482.8455697665554,482.8455697665554,-140.214889425774
118,14031.587199448157,610.4495845110522,469.96516869210274,469.96516869210274,-140.48441581894946
119,14027.05189977115,597.3975971651615,442.8679313662451,442.8679313662451,-154.52966579891643
120,14026.957057401269,609.518384128034,447.390760173277,447.390760173277,-162.12762395475698
121,14027.894582990246,615.1455292927585,463.7895385824114,463.7895385824114,-151.3559907103471
122,14029.916216911848,609.2602350359518,456.4103071838811,456.4103071838811,-152.84992785207072
123,14027.97983172009,591.8455221513686,420.5695910929259,420.5695910929259,-171.27593105844272
124,14028.32450318793,612.3015786745364,452.59472079121235,452.59472079121235,-159.706857883324
125,14029.143151166438,611.5034095107184,461.73157558668424,461.73157558668424,-149.77183392403413
126,14025.85231839792,603.554562037301,444.2479929704826,444.2479929704826,-159.30656906681844
127,14029.606619425795,597.6938848852113,415.0964448249617,415.0964448249617,-182.59744006024965
128,14030.472071386133,616.8998390274809,456.89117629639736,456.89117629639736,-160.00866273108352
129,14031.881926987504,621.5845390392658,441.50077938893685,441.50077938893685,-180.08375965032894
130,14031.750034983224,627.3346024562599,497.4082325198304,497.4082325198304,-129.92636993642947
131,14030.658720234118,619.929487880192,472.97670406243424,472.97670406243424,-146.9527838177578
132,14029.226354318987,619.5340727067578,488.11755516622554,488.11755516622554,-131.41651754053225
133,14030.67599183187,617.4425736170575,472.56799527780083,472.56799527780083,-144.8745783392567
134,14030.50512246416,620.4470335894182,485.4182628273212,485.4182628273212,-135.028770762097
135,14025.367579698874,594.6246710712843,431.2042791503696,431.2042791503696,-163.4203919209147
136,14029.0236603059,611.0576992355274,460.86830051470156,460.86830051470156,-150.1893987208258
137,14034.273021610494,613.4309731056002,470.97240989573186,470.97240989573186,-142.45856320986832
138,14031.031202130675,606.6357009901238,474.40628436762086,474.40628436762086,-132.22941662250298
139,14028.590033369306,606.7838147700348,455.7982009381394,455.7982009381394,-150.98561383189542
140,14031.045527435002,616.7229717052161,477.7629696280852,477.7629696280852,-138.96000207713087
141,14030.008417782368,602.7764912670627,462.2737917158527,462.2737917158527,-140.50269955121001
142,14024.691960610813,615.3905831648009,488.1345154241552,488.1345154241552,-127.25606774064568
143,14026.399234049093,616.7619965874674,487.40402462911436,487.40402462911436,-129.357971958353
144,14033.192887085512,618.0871567770481,498.698050137633,498.698050137633,-119.3891066394151
145,14030.643926217703,602.6728704621726,460.930542393828,460.930542393828,-141.7423280683446
146,14031.198491390349,613.3956439440569,456.8687545146688,456.8687545146688,-156.52688942938812
147,14027.709274064366,620.3937987875688,439.2542959796495,439.2542959796495,-181.1395028079193
148,14030.503221543078,612.58646845791,454.9941507202866,454.9941507202866,-157.59231773762338
149,14027.588032412385,617.5691384487146,446.5794730597269,446.5794730597269,-170.9896653889877
150,14031.160135546072,614.1361170293693,459.51257780155174,459.51257780155174,-154.62353922781756
151,14029.963978096184,617.1873981412282,475.2097597121271,475.2097597121271,-141.9776384291011
152,14030.059678236592,599.0314667800485,447.11696343009237,447.11696343009237,-151.91450334995614
153,14028.49894882686,638.2578217167157,498.69559204749714,498.69559204749714,-139.5622296692186
154,14025.59120869726,607.4059747962526,434.23669453751114,434.23669453751114,-173.16928025874148
155,14025.510789483715,622.357080711721,478.41227592183554,478.41227592183554,-143.94480478988544
156,14028.036345067056,619.2758093592456,463.5446234299142,463.5446234299142,-155.7311859293314
157,14032.950639883351,607.1639146236486,439.9765421679501,439.9765421679501,-167.1873724556985
158,14031.635764324714,620.4359427737834,473.7986995196259,473.7986995196259,-146.63724325415745
159,14030.968473093555,617.626452966262,450.9049739315326,450.9049739315326,-166.72147903472944
160,14032.200184788891,622.4912925959815,461.21956310243513,461.21956310243513,-161.27172949354633
161,14030.567691419887,621.2032587438006,449.44214381926565,449.44214381926565,-171.76111492453492
162,14033.1071938931,615.1907702953558,451.9496349299376,451.9496349299376,-163.24113536541824
163,14033.18912086013,613.174161145127,452.2501549441585,452.2501549441585,-160.92400620096845
164,14027.955783372961,607.8762717399823,448.2302487976258,448.2302487976258,-159.64602294235647
165,14032.721669608367,605.5287585220121,436.89649171415374,436.89649171415374,-168.6322668078584
166,14027.373276224922,614.3920712251946,454.25642004251927,454.25642004251927,-160.13565118267536
167,14027.926225398149,604.3940984891542,444.18336502457703,444.18336502457703,-160.21073346457717
168,14034.393730941078,610.7815070975812,458.5361105494325,458.5361105494325,-152.24539654814868
169,14031.553772117646,612.8783981496542,471.6154110013076,471.6154110013076,-141.2629871483466
170,14030.336026367473,602.0128071038073,459.34964105172855,459.34964105172855,-142.66316605207874
171,14026.805886618971,604.2697562114424,460.69565146616424,460.69565146616424,-143.5741047452782
172,14028.583215694738,592.7448608321738,459.522498579586,459.522498579586,-133.2223622525878
173,14027.887096611441,592.2533255541094,448.33686550297284,448.33686550297284,-143.9164600511366
174,14033.798956130619,606.7366390389559,469.92078997583775,469.92078997583775,-136.81584906311815
175,14029.312149369403,616.0456332827431,466.3006237304985,466.3006237304985,-149.7450095522446
176,14029.268756910209,606.7365199640735,457.44985910026264,457.44985910026264,-149.28666086381088
177,14026.293749715569,602.0108739521037,447.6727327914333,447.6727327914333,-154.33814116067038
178,14032.316919650604,596.1143368965221,439.6487369691131,439.6487369691131,-156.46559992740902
179,14033.396621249614,616.5681173189951,486.7501081153143,486.7501081153143,-129.8180092036808
180,14035.105573007666,592.0048386225351,426.3722291773422,426.3722291773422,-165.63260944519288
181,14032.466823223098,613.0427938343147,478.6776319324518,478.6776319324518,-134.3651619018629
182,14029.704817345131,603.9543940294205,450.58262356176067,450.58262356176067,-153.37177046765987
183,14024.716091971697,600.8050134990538,453.50529954065394,453.50529954065394,-147.29971395839982
184,14029.556877892943,599.601529506617,443.48692729812,443.48692729812,-156.114602208497
185,14030.416953832033,617.9465051978949,441.45661588528964,441.45661588528964,-176.48988931260527
186,14032.844595181721,618.1836873563423,447.2369444888109,447.2369444888109,-170.94674286753138
187,14033.9766080404,610.9305726101957,452.60210591190963,452.60210591190963,-158.32846669828604
188,14029.511287960975,612.9012102884516,441.703035963709,441.703035963709,-171.19817432474258
189,14030.45628565408,603.3734873239226,433.5133402502023,433.5133402502023,-169.86014707372033
190,14032.713954391196,618.7159976166222,466.84451225723234,466.84451225723234,-151.87148535938985
191,14034.77306917157,614.6398709206768,484.41703728225946,484.41703728225946,-130.22283363841734
192,14032.226729909065,590.738962153151,432.0017648314269,432.0017648314269,-158.73719732172407
193,14029.715656496908,600.0821621136712,448.5511970325235,448.5511970325235,-151.5309650811477
194,14029.181550767438,598.7051100124991,441.600508102616,441.600508102616,-157.10460190988306
195,14029.524775735916,601.2086558054688,437.6818430238244,437.6818430238244,-163.52681278164437
196,14030.24390149021,601.0425627508265,444.94079116606,444.94079116606,-156.10177158476648
197,14029.587743535893,595.954397524307,417.75956249050023,417.75956249050023,-178.19483503380673
198,14029.449844716779,616.5107876848342,466.5212384507826,466.5212384507826,-149.9895492340516
199,14028.164694063205,610.6831196706443,457.8545063522665,457.8545063522665,-152.82861331837773
200,14031.0666310016,613.0324507734405,426.4868278085322,426.4868278085322,-186.54562296490826
201,14033.14847016929,623.9417149879625,432.48781144986265,432.48781144986265,-191.4539035380999
202,14029.557602387515,620.2564398922203,423.2368543601108,423.2368543601108,-197.01958553210955
203,14024.108208721707,609.5983449295692,430.38103487842983,430.38103487842983,-179.21731005113935
204,14029.81471883801,603.9988310917015,383.315822434525,383.315822434525,-220.68300865717652
205,14032.457796586454,613.9782684663205,399.08678298290783,399.08678298290783,-214.89148548341268
206,14031.627401446336,605.5393785985033,387.70691726954107,387.70691726954107,-217.8324613289622
207,14029.129125625348,603.744672816947,389.166653545531,389.166653545531,-214.57801927141594
208,14026.033500228943,607.1907657479043,392.33730508382274,392.33730508382274,-214.85346066408152
209,14027.308194661045,605.0766753101963,399.2972073146953,399.2972073146953,-205.77946799550097
210,14025.65904716144,600.0028621331076,368.7578825454063,368.7578825454063,-231.24497958770127
211,14026.737703566541,611.1763765954838,393.5616845718622,393.5616845718622,-217.61469202362161
212,14025.18853336106,612.0313785633299,392.23460496748186,392.23460496748186,-219.79677359584804
213,14026.577765511896,616.0601365509319,400.96171057447475,400.96171057447475,-215.09842597645718
214,14031.5473107776,618.189234272193,397.92646728724213,397.92646728724213,-220.26276698495082
215,14031.896094514908,620.0140750839691,430.8165089955148,430.8165089955148,-189.19756608845432
216,14028.731013714305,608.0957660175425,386.51616402900294,386.51616402900294,-221.57960198853954
217,14029.12696797156,605.7304238299092,355.64170246699456,355.64170246699456,-250.08872136291467
218,14028.761915575213,607.3705150999341,365.4915029679026,365.4915029679026,-241.8790121320315
219,14030.50487224425,585.5702087709595,309.3307082422082,309.3307082422082,-276.23950052875136
220,14029.62367713533,607.0442439592315,373.92679098886424,373.92679098886424,-233.11745297036725
221,14029.41498255554,610.7512411567077,414.19296311232694,414.19296311232694,-196.55827804438076
222,14028.735970971926,618.201320459966,438.69932327165066,438.69932327165066,-179.50199718831539
223,14030.826879846789,608.4319452975745,396.2311931663407,396.2311931663407,-212.20075213123386
224,14028.191630648887,605.0266578139526,373.45919991515456,373.45919991515456,-231.56745789879807
225,14029.654067263093,620.8488123780427,412.0095099671077,412.0095099671077,-208.83930241093498
226,14031.162468863422,618.691862767957,424.94752332109516,424.94752332109516,-193.74433944686183
227,14027.371632865583,619.9952034046381,420.0903832321613,420.0903832321613,-199.90482017247683
228,14026.75615188401,609.4203212121648,398.9499580054763,398.9499580054763,-210.47036320668855
229,14030.174793002872,599.5184480286298,371.6980231866565,371.6980231866565,-227.8204248419733
230,14026.341796824807,600.9437274297288,412.0187218063623,412.0187218063623,-188.92500562336653
231,14027.199796700655,608.2041264585113,413.1800182406212,413.1800182406212,-195.02410821789005
232,14032.254619294572,627.9277713036063,404.9648049331396,404.9648049331396,-222.9629663704667
233,14032.771362458541,611.9899102652652,346.48846919686946,346.48846919686946,-265.5014410683957
234,14027.13653686253,630.9698687692924,405.3594424025713,405.3594424025713,-225.61042636672107
235,14027.991697586911,627.9617527670762,386.46561723699796,386.46561723699796,-241.49613553007822
236,14026.696677351325,603.9134759888311,375.96124541238174,375.96124541238174,-227.95223057644938
237,14027.674784635688,612.1672228999922,409.7872449871634,409.7872449871634,-202.37997791282885
238,14030.890795442107,617.433895699898,380.4461622284874,380.4461622284874,-236.9877334714106
239,14033.366146804316,623.8736571443587,384.07038985299454,384.07038985299454,-239.8032672913642
240,14033.161790663884,603.6326720164855,402.71167376916344,402.71167376916344,-200.92099824732202
241,14032.366439375293,612.7614082740491,408.74303800645805,408.74303800645805,-204.01837026759108
242,14026.435397070316,607.7196401700493,356.93767413946034,356.93767413946034,-250.78196603058893
243,14026.373055986227,604.7140369262288,382.9191152803633,382.9191152803633,-221.7949216458655
244,14027.286215951652,605.5955522387502,408.84319192459344,408.84319192459344,-196.75236031415676
245,14027.398750062732,613.4909761584169,421.7204144672143,421.7204144672143,-191.77056169120254
246,14023.834405589829,589.8206998104506,350.9868459525995,350.9868459525995,-238.83385385785112
247,14022.739507295948,616.6462581821488,416.48383447808664,416.48383447808664,-200.16242370406218
248,14032.746751280458,611.9201068803559,432.0405840933328,432.0405840933328,-179.87952278702306
249,14030.010632142374,601.0442846162422,385.97491631445195,385.97491631445195,-215.06936830179023
250,14035.36177982871,595.4871121397463,388.39584283196626,388.39584283196626,-207.09126930778
251,14038.527900081726,623.9986611215153,465.0202840008218,465.0202840008218,-158.9783771206935
252,14034.877040978192,606.4173392214907,435.9285368166028,435.9285368166028,-170.4888024048879
253,14031.088378883733,598.266839635151,416.2352094614726,416.2352094614726,-182.03163017367837
254,14028.432847027241,614.5013305557148,463.5992858789283,463.5992858789283,-150.90204467678655
255,14026.991393515098,608.2391992186639,447.3183341542481,447.3183341542481,-160.9208650644158
256,14028.462422106899,603.5546401660574,443.16541377950097,443.16541377950097,-160.38922638655646
257,14028.31791435479,605.3851937482415,421.915212010173,421.915212010173,-183.4699817380685
258,14025.60944864976,609.6680900050216,452.0069820351832,452.0069820351832,-157.66110796983833
259,14027.552414583315,613.2505678873583,457.5199970400215,457.5199970400215,-155.73057084733682
260,14026.66919829147,598.0707821467533,447.76350294894667,447.76350294894667,-150.30727919780668
261,14030.872535662129,610.0754799755794,480.6884384249687,480.6884384249687,-129.38704155061066
262,14025.302470337612,597.8095056395723,460.80706956967623,460.80706956967623,-137.00243606989608
263,14030.442089714057,604.0392844906238,464.96729651872954,464.96729651872954,-139.07198797189426
264,14024.760854949769,608.8699670483983,456.63635366312093,456.63635366312093,-152.23361338527735
265,14031.811915813882,603.8153440797995,453.762164014708,453.762164014708,-150.0531800650915
266,14032.563654973212,606.9433967412298,466.5587821737344,466.5587821737344,-140.38461456749536
267,14024.517375060037,606.4135831972344,475.16323524682934,475.16323524682934,-131.25034795040506
268,14031.804177804464,609.1461160576708,487.1367207467282,487.1367207467282,-122.00939531094264
269,14030.7848140751,617.4377340604949,500.52614303583687,500.52614303583687,-116.91159102465804
270,14024.582180005276,604.0454479406961,497.4058562451452,497.4058562451452,-106.63959169555096
271,14028.637519537475,604.3124208450953,503.0986774418169,503.0986774418169,-101.21374340327839
272,14026.819691055596,606.2779586114905,508.6974392406906,508.6974392406906,-97.58051937079989
273,14029.991762802056,602.9696048775804,501.2727299253056,501.2727299253056,-101.69687495227481
274,14035.17071786476,606.9376521898865,513.2387806846355,513.2387806846355,-93.69887150525108
275,14033.066489275347,596.3731003728334,497.9136569951887,497.9136569951887,-98.45944337764467
276,14038.276890748104,614.0334835558224,517.9229027428728,517.9229027428728,-96.11058081294959
277,14035.1913100911,616.3646713685083,534.3535776910716,534.3535776910716,-82.01109367743675
278,14032.454760574336,610.9941869893336,519.257040796661,519.257040796661,-91.73714619267253
279,14026.627519057509,612.6130113047,521.3997771556529,521.3997771556529,-91.21323414904703
280,14026.417585847277,593.1464983340594,506.4488721327567,506.4488721327567,-86.69762620130268
281,14025.800032097362,594.7863863059521,506.49186166455536,506.49186166455536,-88.29452464139672
282,14025.733713830541,602.4276540607771,511.1464583070822,511.1464583070822,-91.28119575369487
283,14024.652411914796,600.5491336344257,513.6922300358424,513.6922300358424,-86.85690359858336
284,14026.095096541841,607.6922928778056,511.16771545959904,511.16771545959904,-96.52457741820655
285,14026.650551541848,604.3587394314728,512.941548154819,512.941548154819,-91.41719127665385
286,14023.379444727616,589.4355208344932,483.7476225186383,483.7476225186383,-105.68789831585491
287,14029.118555440078,596.191779786348,503.58632791209874,503.58632791209874,-92.60545187424924
288,14029.073578262536,604.087453886261,510.5120719500459,510.5120719500459,-93.57538193621508
289,14027.584871776071,593.8439604200993,494.3201926622619,494.3201926622619,-99.52376775783739
290,14027.036189363189,580.8353668023319,477.8519793495475,477.8519793495475,-102.98338745278443
291,14025.05730978204,587.8029669127465,481.4697575738252,481.4697575738252,-106.33320933892128
292,14023.487515719937,588.4265506044376,480.77928130136286,480.77928130136286,-107.64726930307472
293,14028.561316186237,584.8898873491144,473.4052909461095,473.4052909461095,-111.48459640300484
294,14026.958208281414,577.8381884002465,476.77610072769244,476.77610072769244,-101.06208767255407
295,14025.634651068993,588.9388007295964,476.9666672660263,476.9666672660263,-111.97213346357012
296,14024.387455213262,601.1993547684725,498.15399641305044,498.15399641305044,-103.04535835542208
297,14028.702365327441,607.8374955691615,511.9369801649826,511.9369801649826,-95.90051540417898
298,14029.420264929731,583.7935173797758,482.7537068727389,482.7537068727389,-101.03981050703692
299,14024.485038674307,605.3470937845411,500.37430905837243,500.37430905837243,-104.9727847261687
300,14029.642144786198,594.9795995150545,498.9063522594886,498.9063522594886,-96.07324725556589
301,14029.679260054281,582.7067144282848,473.51172948357413,473.51172948357413,-109.19498494471071
302,14035.035498294163,600.7627737971051,502.6823566029678,502.6823566029678,-98.08041719413728
303,14023.548066030096,574.101235798091,460.8559270699725,460.8559270699725,-113.24530872811852
304,14028.675746294137,603.2462672142609,494.7389488918851,494.7389488918851,-108.5073183223758
305,14022.578207154116,585.956638056205,480.9379001024884,480.9379001024884,-105.01873795371654
306,14027.061460656492,585.463048566704,485.46667170881216,485.46667170881216,-99.99637685789179
307,14022.410708723277,593.1027403345688,487.8150808565882,487.8150808565882,-105.28765947798058
308,14024.463480060449,586.6020332933728,477.41392610491715,477.41392610491715,-109.1881071884556
309,14030.315599045884,595.1147313294241,480.9998628930815,480.9998628930815,-114.11486843634259
310,14030.074493584929,592.0539239159825,487.492909887619,487.492909887619,-104.5610140283635
311,14027.362149556227,578.889212836806,464.1576218473488,464.1576218473488,-114.73159098945717
312,14026.874523794906,588.4927554125333,476.8063984142758,476.8063984142758,-111.68635699825745
313,14029.751546909685,594.6842087407913,482.7623775021178,482.7623775021178,-111.92183123867352
314,14030.885400831154,590.2984222769843,469.37732918107264,469.37732918107264,-120.92109309591166
315,14032.608367783721,602.683780195186,496.9599655418166,496.9599655418166,-105.72381465336946
316,14026.49613425334,608.0545890239755,490.27417702648034,490.27417702648034,-117.78041199749515
317,14025.428034834007,569.2661265696224,436.16604728783796,436.16604728783796,-133.10007928178447
318,14026.23068325616,577.6911466275943,450.1877320230207,450.1877320230207,-127.5034146045736
319,14026.131267392677,589.9820138269171,481.0640202523215,481.0640202523215,-108.91799357459558
320,14021.136060920131,584.0675164611478,468.3795628809743,468.3795628809743,-115.68795358017348
321,14028.158403638896,592.2616109255177,473.1802155398009,473.1802155398009,-119.08139538571686
322,14030.333581290603,573.1327241511192,446.72556735186686,446.72556735186686,-126.40715679925233
323,14025.762122437898,585.6833703488574,480.73929368291306,480.73929368291306,-104.9440766659443
324,14027.114189353026,588.1753542629831,494.053391287502,494.053391287502,-94.1219629754811
325,14025.323561603915,597.374109116903,493.30648139974517,493.30648139974517,-104.06762771715785
326,14026.133904573828,580.7335423078385,464.309143323381,464.309143323381,-116.42439898445753
327,14023.76614378876,598.6338059054614,473.09649833758954,473.09649833758954,-125.53730756787184
328,14028.146693305194,593.878423256152,472.9980281574684,472.9980281574684,-120.8803950986836
329,14027.675815980785,610.4095963252767,495.18774815267574,495.18774815267574,-115.22184817260091
330,14030.413631676101,584.7334786039012,462.8272206036573,462.8272206036573,-121.9062580002439
331,14032.015430003472,592.841317890312,467.3763006143753,467.3763006143753,-125.4650172759367
332,14030.489967166077,603.1301818665504,475.6692983642275,475.6692983642275,-127.46088350232293
333,14032.523267002716,613.6081661134231,496.39405382954396,496.39405382954396,-117.2141122838791
334,14028.208782095788,598.64600745218,481.51195930889185,481.51195930889185,-117.13404814328817
335,14025.379603167641,598.9823395888689,475.36608118954393,475.36608118954393,-123.61625839932492
336,14026.190936781482,589.7707364099916,469.78612263607545,469.78612263607545,-119.98461377391618
337,14025.21860983009,566.6029883459578,435.0943336923451,435.0943336923451,-131.50865465361267
338,14023.997190480528,586.9197585284238,481.90144451199944,481.90144451199944,-105.01831401642437
339,14022.560477444571,593.862771166221,453.36263299096777,453.36263299096777,-140.50013817525326
340,14024.428820696015,598.5402019740632,470.2116198678465,470.2116198678465,-128.3285821062167
341,14025.378371593539,603.5923961783847,465.5303676401617,465.5303676401617,-138.06202853822293
342,14028.950868348025,602.4493853244819,486.54915997973563,486.54915997973563,-115.90022534474627
343,14032.527796652183,591.4844441304759,466.736799626378,466.736799626378,-124.74764450409793
344,14028.879789360848,611.4646112800364,485.237176296454,485.237176296454,-126.22743498358238
345,14026.71840299376,613.7207017151338,476.4205792310772,476.4205792310772,-137.3001224840566
346,14025.68257609555,597.7343731793244,463.38767399841583,463.38767399841583,-134.34669918090856
347,14025.009547083202,594.1071039991327,470.6924535262044,470.6924535262044,-123.41465047292832
348,14027.755715256511,594.5686570455239,476.15026097135984,476.15026097135984,-118.41839607416404
349,14026.765198842337,606.8906887204029,477.17429387696035,477.17429387696035,-129.71639484344252
350,14030.311279710182,601.4368535470259,460.92337845136484,460.92337845136484,-140.51347509566102
351,14031.207902970953,585.053308011411,439.0854021770419,439.0854021770419,-145.9679058343691
352,14027.13337220279,586.8908407492762,436.0428522689241,436.0428522689241,-150.84798848035211
353,14023.24574195925,595.7212050970247,468.92842129319604,468.92842129319604,-126.79278380382868
354,14024.160693364262,595.1380160380105,473.62169492880196,473.62169492880196,-121.51632110920855
355,14024.627110475041,585.2990471698066,445.1812712069279,445.1812712069279,-140.11777596287874
356,14023.910494552621,589.5156021808635,473.05221020687554,473.05221020687554,-116.463391973988
357,14021.13513924764,589.7880035753351,479.1889948697758,479.1889948697758,-110.5990087055593
358,14026.315692192611,605.92287088975,489.31369837887235,489.31369837887235,-116.60917251087767
359,14027.510980338047,606.0075170296041,478.9119852234931,478.9119852234931,-127.09553180611096
360,14030.62469924916,592.8916534559704,478.9820459979852,478.9820459979852,-113.9096074579852
361,14024.251298257484,577.0253829136457,478.019160132214,478.019160132214,-99.00622278143169
362,14022.943611586823,589.0717370017375,482.6025492161083,482.6025492161083,-106.46918778562917
363,14023.939890790207,582.4958319153736,468.06179864305875,468.06179864305875,-114.43403327231488
364,14027.833864479771,589.0561881550982,494.86882120048364,494.86882120048364,-94.18736695461456
365,14025.792916823966,587.8917146925178,486.69865034457234,486.69865034457234,-101.19306434794544
366,14021.582539894067,585.3815525327444,480.7877166357339,480.7877166357339,-104.59383589701054
367,14024.268741394058,590.0741839199871,475.8178591533301,475.8178591533301,-114.25632476665703
368,14027.805845182424,571.5212664996052,463.45985764890855,463.45985764890855,-108.06140885069664
369,14026.89742027877,575.6160700220407,477.4821603595896,477.4821603595896,-98.13390966245112
370,14028.71365875704,581.470057468523,480.9447127040251,480.9447127040251,-100.5253447644979
371,14028.31243169215,602.7247942070645,485.2699914662884,485.2699914662884,-117.45480274077613
372,14027.18568090652,581.468837722732,461.6330911823535,461.6330911823535,-119.83574654037852
373,14027.602647819616,585.3965602752739,481.90639102032105,481.90639102032105,-103.49016925495289
374,14027.989598354643,569.660097883454,459.0834882349453,459.0834882349453,-110.57660964850868
375,14029.097432272263,583.1857523813051,469.4934392225794,469.4934392225794,-113.69231315872565
376,14029.421863212,584.8422979991208,487.608131056418,487.608131056418,-97.23416694270276
377,14026.580745731999,589.508495944834,484.6046323954787,484.6046323954787,-104.90386354935526
378,14023.520660999699,590.34326825258,483.1445526694421,483.1445526694421,-107.19871558313787
379,14027.537958931627,602.7911591481934,488.5784726675305,488.5784726675305,-114.21268648066291
380,14030.712709642272,602.3209202897996,491.2512481159159,491.2512481159159,-111.06967217388365
381,14029.04813857381,605.5511427560632,507.26424152707534,507.26424152707534,-98.28690122898786
382,14028.59892923693,591.2019912546166,492.70246182444504,492.70246182444504,-98.49952943017155
383,14029.011856445582,594.8662347474492,492.6781116845742,492.6781116845742,-102.18812306287498
384,14029.706787286192,568.2226234481441,473.9419974369936,473.9419974369936,-94.2806260111505
385,14027.110688274952,579.415268889543,484.9965744873631,484.9965744873631,-94.41869440217988
386,14024.495242151292,588.4048045583278,495.63891723617166,495.63891723617166,-92.76588732215612
387,14024.141437580944,585.0113100343115,496.3963108681694,496.3963108681694,-88.61499916614207
388,14028.650570064778,577.2755242714848,482.8739306604539,482.8739306604539,-94.40159361103088
389,14031.024612602896,590.4459085561816,504.65771016120345,504.65771016120345,-85.78819839497817
390,14026.814389954654,584.0160941406231,494.2220338492915,494.2220338492915,-89.79406029133156
391,14029.366273233165,580.2543499099286,486.13576402245803,486.13576402245803,-94.11858588747054
392,14028.193648268996,560.9841403299562,467.296472809698,467.296472809698,-93.68766752025817
393,14028.830395632564,582.763681452792,486.73592871554894,486.73592871554894,-96.02775273724302
394,14022.401934185536,594.5336240452525,500.1691384368704,500.1691384368704,-94.3644856083821
395,14023.012728975064,587.7561100479232,489.85166012636284,489.85166012636284,-97.9044499215604
396,14022.940057531621,569.2020700023476,473.0450580088169,473.0450580088169,-96.15701199353066
397,14021.954108494432,587.3093179160331,501.7329115875972,501.7329115875972,-85.57640632843595
398,14030.061486019797,572.4678451500822,471.23885082512544,471.23885082512544,-101.22899432495677
399,14024.686465322024,577.9006410086166,490.52715101646965,490.52715101646965,-87.37348999214697
400,14027.661996007178,590.596971856763,505.1939227132367,505.1939227132367,-85.40304914352635
401,14022.858702731195,582.6975604290164,495.5493555210013,495.5493555210013,-87.14820490801515
402,14025.486055824736,589.2309117568385,497.83916451879924,497.83916451879924,-91.39174723803927
403,14020.141729964327,578.1607645812564,496.4492917538371,496.4492917538371,-81.71147282741936
404,14025.617046576135,569.7845152181326,489.96632728226075,489.96632728226075,-79.81818793587183
405,14027.888626291933,580.4280001874193,496.2416190150011,496.2416190150011,-84.18638117241824
406,14030.889911122353,590.0461580369611,510.0304166973292,510.0304166973292,-80.01574133963186
407,14025.587536658577,590.6163472851841,500.3116356970778,500.3116356970778,-90.30471158810633
408,14025.25874852352,587.3729596157392,500.0330629017234,500.0330629017234,-87.33989671401582
409,14023.549531903776,576.7198760590782,491.39372810993893,491.39372810993893,-85.32614794913923
410,14027.393532358312,575.6238359025646,491.67523620547956,491.67523620547956,-83.948599697085
411,14023.795655295904,580.8101382978875,492.96314996690353,492.96314996690353,-87.846988330984
412,14024.402563632872,558.2929986013095,471.4974119271343,471.4974119271343,-86.79558667417518
413,14023.499151120232,579.7972823730324,495.22683596545374,495.22683596545374,-84.57044640757869
414,14023.925952964652,583.1980057527089,491.9547090479223,491.9547090479223,-91.24329670478664
415,14026.764329919257,592.2431951052731,494.83757742614233,494.83757742614233,-97.40561767913078
416,14028.149210717256,594.257300351277,505.6103078395445,505.6103078395445,-88.64699251173249
417,14025.389300553434,581.3441428000716,483.7220172588579,483.7220172588579,-97.62212554121373
418,14025.94912898774,591.3907371769092,498.22980895904374,498.22980895904374,-93.16092821786543
419,14025.00862234566,548.4034442793363,452.75235461594184,452.75235461594184,-95.65108966339449
420,14026.5702261181,588.3140191135298,487.7750642089341,487.7750642089341,-100.53895490459564
421,14022.553041511806,577.9304201835184,472.2943692654671,472.2943692654671,-105.63605091805135
422,14021.455399987886,565.7211868368812,465.5556074032696,465.5556074032696,-100.16557943361158
423,14022.51037186434,578.1505498557309,486.14465741732533,486.14465741732533,-92.00589243840557
424,14029.644190029143,580.8077743445864,487.6197824828514,487.6197824828514,-93.18799186173499
425,14032.891357661952,586.1973466201814,489.4932060842165,489.4932060842165,-96.70414053596488
426,14024.7510878754,576.35154028372,478.1408159685385,478.1408159685385,-98.21072431518155
427,14027.90410141242,589.2722425528283,495.88099362346793,495.88099362346793,-93.39124892936036
428,14025.158514437284,587.4466358706687,495.91151593351185,495.91151593351185,-91.53511993715688
429,14029.305829466373,578.0174849677587,489.5962680590176,489.5962680590176,-88.42121690874114
430,14025.10096037507,553.97392721239,466.2952292707856,466.2952292707856,-87.67869794160436
431,14026.651774454012,573.337425388123,475.6982039127686,475.6982039127686,-97.63922147535447
432,14028.601515885357,569.2350895600666,480.74467658182726,480.74467658182726,-88.49041297823936
433,14025.534495651078,595.4707424426067,502.7303509116004,502.7303509116004,-92.74039153100631
434,14024.825667519632,599.5106328811652,501.6708536099651,501.6708536099651,-97.83977927120009
435,14022.582076819075,583.0053608130747,491.0253066646577,491.0253066646577,-91.98005414841703
436,14023.267349662678,586.0564617642613,499.58785110001577,499.58785110001577,-86.46861066424549
437,14028.016541878387,572.6050840883145,482.76788163380036,482.76788163380036,-89.83720245451411
438,14026.407563620072,597.337252315723,503.9617631807539,503.9617631807539,-93.37548913496914
439,14028.40610538981,584.5809217518837,495.3863112564404,495.3863112564404,-89.19461049544327
440,14036.558898386258,594.5787682295448,493.3628355170801,493.3628355170801,-101.21593271246473
441,14032.407154451379,605.2676085824535,506.92043243978907,506.92043243978907,-98.34717614266441
442,14030.704080096375,601.1708940682221,490.56631886269946,490.56631886269946,-110.60457520552262
443,14029.693417801136,597.9842765447829,491.95047410400537,491.95047410400537,-106.03380244077755
444,14027.315704883276,580.720697361803,479.57255795241497,479.57255795241497,-101.14813940938802
445,14028.710158340404,579.104072418875,483.22475350574587,483.22475350574587,-95.87931891312917
446,14025.597387945203,593.9191150989792,507.5515032631655,507.5515032631655,-86.3676118358137
447,14025.892278652585,593.1577325723482,510.4292487421736,510.4292487421736,-82.72848383017458
448,14026.066846676911,613.1531641153598,526.3759559184709,526.3759559184709,-86.77720819688886
449,14029.365101656143,585.991494137319,493.0268573124273,493.0268573124273,-92.96463682489173
450,14028.996365715328,599.4227822856849,497.1557024444617,497.1557024444617,-102.26707984122316
451,14029.547379359567,571.9019261579887,477.2543029083849,477.2543029083849,-94.64762324960378
452,14029.408373154154,607.106083188204,516.7159953109801,516.7159953109801,-90.39008787722389
453,14029.27371779645,582.5307731183891,498.4992487850101,498.4992487850101,-84.03152433337902
454,14020.994721272189,593.9536990890318,500.4035792679688,500.4035792679688,-93.55011982106305
455,14027.229769341522,588.6438200417304,503.2611615487591,503.2611615487591,-85.38265849297125
456,14026.541154733766,605.2012982554262,521.2133896002979,521.2133896002979,-83.98790865512831
457,14025.620580144794,596.2137717720193,514.4278756800786,514.4278756800786,-81.78589609194069
458,14026.531688457022,607.436444566034,514.1685093277841,514.1685093277841,-93.26793523824983
459,14026.309339084624,593.3014861230478,493.33605747762596,493.33605747762596,-99.96542864542181
460,14028.761688039935,590.0613788743848,484.61883981988234,484.61883981988234,-105.44253905450245
461,14027.500405640985,589.3761662941594,489.53551034475544,489.53551034475544,-99.84065594940392
462,14021.92776985094,587.4563221467527,478.7423112114432,478.7423112114432,-108.71401093530943
463,14024.919524374596,596.3529431441256,484.3529239359832,484.3529239359832,-112.00001920814236
464,14025.874366917193,605.3687966062151,501.685906019105,501.685906019105,-103.68289058711014
465,14029.507258366224,589.8220251129785,485.83433215995717,485.83433215995717,-103.98769295302134
466,14025.339312518234,588.8291299034405,473.4734169996019,473.4734169996019,-115.3557129038386
467,14023.585431226313,585.348496217528,468.3233500699161,468.3233500699161,-117.0251461476119
468,14024.127962735682,587.7790644725646,463.320122818461,463.320122818461,-124.45894165410363
469,14027.496617675572,603.2508661257634,489.20298085844934,489.20298085844934,-114.04788526731409
470,14024.616446232985,596.1080365033831,487.1138040722564,487.1138040722564,-108.9942324311267
471,14025.516816334366,580.892004524525,462.55453657648,462.55453657648,-118.33746794804495
472,14023.811000195199,576.7380654924837,462.0010051869273,462.0010051869273,-114.73706030555638
473,14028.077074653473,576.9978047822676,459.1645785124293,459.1645785124293,-117.83322626983835
474,14023.036963481865,589.323723885811,465.9799367105654,465.9799367105654,-123.34378717524555
475,14026.187473856153,581.1661101846569,455.1670383480639,455.1670383480639,-125.99907183659298
476,14025.585589061824,597.5283756495919,467.1334325597347,467.1334325597347,-130.39494308985724
477,14026.875813165072,610.0761408720482,481.96582294521113,481.96582294521113,-128.11031792683707
478,14027.014730321307,612.6618188586656,467.1389174662661,467.1389174662661,-145.5229013923995
479,14026.910299241683,602.0305461971656,456.299490379197,456.299490379197,-145.73105581796858
480,14029.422034751931,607.4287513967536,457.89496700776897,457.89496700776897,-149.5337843889846
481,14025.066665558426,613.5836653366439,450.8495680363807,450.8495680363807,-162.73409730026322
482,14026.295890374508,595.6589699315407,426.0566099090691,426.0566099090691,-169.6023600224716
483,14026.898053263225,603.1605244908424,428.3229229371455,428.3229229371455,-174.83760155369686
484,14028.461013658156,599.4279943089097,426.497260370275,426.497260370275,-172.93073393863466
485,14029.29399028213,603.970007257585,437.9341874123254,437.9341874123254,-166.03581984525965
486,14029.388141933196,612.1052547290074,432.5960973451709,432.5960973451709,-179.50915738383645
487,14031.766311884556,607.5708242077525,439.42024371594675,439.42024371594675,-168.15058049180573
488,14033.127418599881,617.4994033265284,449.3607831068157,449.3607831068157,-168.13862021971272
489,14030.080660990101,619.1744447270013,442.02730703404615,442.02730703404615,-177.14713769295514
490,14025.647776560956,605.2769293885303,421.28767394409294,421.28767394409294,-183.9892554444374
491,14028.762709323351,610.8843742110055,431.05736955997094,431.05736955997094,-179.82700465103454
492,14031.368348228174,617.1676644424186,448.07309288722433,448.07309288722433,-169.0945715551943
493,14030.821844149912,619.9864678870979,445.5992334501633,445.5992334501633,-174.3872344369346
494,14034.041834591539,620.8635823066834,455.8670339120098,455.8670339120098,-164.9965483946736
495,14025.760216560415,609.1206001844257,462.63989655229386,462.63989655229386,-146.48070363213185
496,14026.707398282862,595.3726292971278,427.7433254553244,427.7433254553244,-167.6293038418034
497,14028.268703748865,604.0858119931853,436.221237120393,436.221237120393,-167.86457487279228
498,14025.988574947189,604.327184411868,444.25531249384113,444.25531249384113,-160.07187191802683
499,14023.544574725529,615.8949586734378,471.9247705490193,471.9247705490193,-143.97018812441854
