Sample	theta_A	theta_B	theta_C	theta_D	theta_AB	theta_ABC	theta_root	tau_AB	tau_ABC	tau_root	m_D->B	Data-ld-ln	Full-ld-ln	Gene-ld-ln
0	 1.10416	 0.86496	 0.97830	 1.02842	 0.97070	 1.05548	 1.13029	 0.05278	 0.09217	 0.55521	 0.00000	-1345.801071	-1406737.081917	60936.010744
1	 1.16107	 0.86496	 0.98491	 1.02842	 1.01538	 1.05548	 1.13463	 0.05278	 0.09217	 0.58484	20.41332	-1344.205168	-1404984.103747	60778.935860
2	 1.12788	 0.89812	 0.94954	 1.07791	 0.98785	 1.08719	 1.13463	 0.05278	 0.09217	 0.58484	20.08666	-1343.014538	-1404015.244397	61000.706368
3	 1.17717	 0.94461	 1.02042	 1.08212	 0.94083	 1.09144	 1.16141	 0.05298	 0.09253	 0.58713	19.73074	-1342.642785	-1403571.758895	60928.974111
4	 1.26229	 0.91251	 1.02384	 1.08575	 0.98707	 1.12761	 1.24072	 0.05316	 0.08820	 0.58910	19.43847	-1342.487283	-1403331.920843	60844.637872
5	 1.30051	 0.94964	 1.06909	 1.14189	 0.98988	 1.17166	 1.30183	 0.05331	 0.08845	 0.59078	18.93169	-1342.581380	-1403115.047157	60533.667241
6	 1.27179	 0.98545	 1.09228	 1.19986	 0.98988	 1.20840	 1.35351	 0.05331	 0.08845	 0.61839	19.17268	-1342.982071	-1402899.870472	59917.798981
7	 1.20742	 0.97451	 1.07146	 1.20365	 1.01984	 1.21222	 1.43524	 0.05348	 0.08873	 0.62035	19.52234	-1342.817185	-1402854.179037	60036.993729
8	 1.20742	 0.92446	 1.07146	 1.20365	 0.98444	 1.21222	 1.50343	 0.05348	 0.08873	 0.62035	19.71702	-1342.918216	-1402683.013204	59764.797164
9	 1.24068	 0.94808	 1.07146	 1.26784	 1.00473	 1.21956	 1.52645	 0.05348	 0.08873	 0.61971	20.25079	-1342.906490	-1402648.862069	59742.372049
10	 1.24297	 0.94523	 1.04011	 1.29019	 1.05623	 1.22181	 1.52926	 0.05901	 0.08889	 0.62085	19.99237	-1342.707174	-1402573.718996	59866.544995
11	 1.31075	 0.91035	 1.07118	 1.33740	 1.10411	 1.22181	 1.59848	 0.05901	 0.08889	 0.62085	20.54611	-1342.854076	-1402523.710183	59669.634254
12	 1.26187	 0.91148	 1.11647	 1.33906	 1.16117	 1.27180	 1.60047	 0.05908	 0.08900	 0.65436	20.88017	-1343.213974	-1402416.358476	59202.384117
13	 1.30944	 0.95103	 1.17156	 1.38673	 1.18959	 1.26890	 1.65341	 0.05895	 0.08880	 0.65287	20.62062	-1343.246449	-1402379.533012	59133.083867
14	 1.38007	 0.95382	 1.13442	 1.39080	 1.22840	 1.31476	 1.70171	 0.05912	 0.08906	 0.65479	20.93285	-1343.191270	-1402280.388628	59089.118352
15	 1.42906	 0.90633	 1.17431	 1.39080	 1.22840	 1.31476	 1.70171	 0.05725	 0.08850	 0.65479	20.63977	-1343.227251	-1402256.181197	59028.930672
16	 1.35984	 0.90390	 1.14711	 1.38708	 1.17804	 1.31124	 1.76515	 0.05710	 0.08826	 0.65303	20.47240	-1343.355778	-1402290.496535	58934.718468
17	 1.29528	 0.95452	 1.10800	 1.47486	 1.18046	 1.31394	 1.83489	 0.05722	 0.08844	 0.65438	21.00756	-1343.390143	-1402314.043909	58923.901347
18	 1.29528	 0.91625	 1.10800	 1.47486	 1.20444	 1.31394	 1.83489	 0.05722	 0.08844	 0.65438	20.60778	-1343.428788	-1402262.875931	58834.087432
19	 1.24543	 0.94617	 1.11260	 1.48099	 1.23427	 1.38588	 1.88264	 0.06007	 0.08881	 0.65710	21.02831	-1343.680901	-1402248.600213	58567.698784
20	 1.19979	 0.98326	 1.16421	 1.58671	 1.18607	 1.41007	 1.88264	 0.06007	 0.08881	 0.65710	21.25535	-1343.630515	-1402207.531072	58577.016195
21	 1.16180	 0.98641	 1.13239	 1.68230	 1.18986	 1.41459	 2.01924	 0.06026	 0.08909	 0.69306	20.68114	-1344.014533	-1402171.692362	58157.159856
22	 1.22560	 0.98970	 1.09789	 1.68792	 1.25990	 1.41931	 2.02599	 0.06046	 0.09694	 0.69538	20.19888	-1343.855876	-1402113.534357	58257.658490
23	 1.27318	 1.02739	 1.13499	 1.76738	 1.23005	 1.41931	 2.09268	 0.06046	 0.09694	 0.69538	19.84297	-1344.005291	-1402159.083554	58153.792390
24	 1.22111	 0.99473	 1.16515	 1.76738	 1.28056	 1.47949	 2.21036	 0.06046	 0.09694	 0.72343	20.52064	-1344.296622	-1402079.668337	57783.046061
25	 1.27623	 1.02622	 1.23316	 1.86563	 1.28609	 1.48587	 2.21989	 0.06072	 0.09736	 0.72655	20.14304	-1344.287704	-1402085.430232	57797.726144
26	 1.32708	 1.08540	 1.27396	 1.95987	 1.25314	 1.55321	 2.22582	 0.06662	 0.09762	 0.72849	20.00796	-1344.240231	-1402017.769525	57777.538699
27	 1.33042	 1.13532	 1.27716	 2.01331	 1.25629	 1.55711	 2.34675	 0.06679	 0.09787	 0.73033	20.42201	-1344.524150	-1402057.083174	57532.932710
28	 1.34880	 1.08926	 1.22742	 2.01331	 1.25629	 1.60308	 2.34675	 0.06679	 0.09787	 0.73033	20.98398	-1344.538215	-1402096.814033	57558.599113
29	 1.35410	 1.05494	 1.23225	 2.02123	 1.26124	 1.60939	 2.44403	 0.06705	 0.09825	 0.73320	21.31965	-1344.761159	-1402066.468276	57305.309541
30	 1.33457	 1.11659	 1.17597	 2.02756	 1.30643	 1.61443	 2.52846	 0.06726	 0.09856	 0.75079	20.77838	-1344.809555	-1402013.814192	57204.258977
31	 1.29913	 1.18756	 1.14527	 2.03043	 1.24079	 1.71095	 2.60353	 0.07067	 0.09870	 0.75837	20.49381	-1344.879705	-1401963.224707	57083.519553
32	 1.29913	 1.22778	 1.19188	 2.03043	 1.24079	 1.71095	 2.60353	 0.07868	 0.10717	 0.75837	20.08782	-1345.193505	-1402011.367500	56817.862965
33	 1.29913	 1.22778	 1.12152	 2.11957	 1.19803	 1.71095	 2.60353	 0.07868	 0.11047	 0.75837	20.54446	-1345.092107	-1401976.320510	56884.213481
34	 1.34995	 1.28306	 1.16744	 2.19051	 1.26811	 1.71737	 2.61330	 0.07897	 0.11089	 0.76122	19.95319	-1345.082417	-1401989.274662	56906.857513
35	 1.32029	 1.23408	 1.25398	 2.19891	 1.27298	 1.81519	 2.62332	 0.07928	 0.11131	 0.76414	20.24688	-1345.076255	-1401947.200442	56870.945676
36	 1.37268	 1.18695	 1.25646	 2.27310	 1.24845	 1.81878	 2.79599	 0.07943	 0.11153	 0.76565	20.79323	-1345.239166	-1401956.468736	56717.302847
37	 1.31909	 1.16265	 1.32163	 2.27310	 1.24845	 1.81878	 2.94500	 0.07943	 0.11153	 0.76565	21.22965	-1345.278878	-1401950.857898	56671.979590
38	 1.36188	 1.11632	 1.39205	 2.31950	 1.24845	 1.92007	 3.10475	 0.07573	 0.11153	 0.76565	21.01492	-1345.656781	-1401956.629769	56299.848751
39	 1.36565	 1.07907	 1.44193	 2.32592	 1.27854	 1.97994	 3.27898	 0.07593	 0.11184	 0.78813	21.18745	-1346.021390	-1401896.248280	55874.858218
40	 1.40785	 1.05797	 1.45668	 2.25783	 1.28142	 2.06057	 3.28637	 0.07611	 0.11209	 0.78991	21.47018	-1346.159856	-1401918.945775	55759.089305
41	 1.46875	 0.99703	 1.38652	 2.32206	 1.28523	 2.20491	 3.29615	 0.07633	 0.10587	 0.79226	21.87485	-1346.225646	-1401900.586048	55674.939710
42	 1.46350	 1.02959	 1.34254	 2.40428	 1.22481	 2.19703	 3.43825	 0.07606	 0.10549	 0.78943	21.59609	-1346.289647	-1401862.600264	55572.953493
43	 1.41305	 0.99779	 1.29822	 2.39789	 1.28235	 2.19119	 3.55618	 0.07586	 0.10521	 0.78733	21.17336	-1346.297083	-1401877.817809	55580.735060
44	 1.41158	 1.02198	 1.35206	 2.50236	 1.28102	 2.18891	 3.55248	 0.07578	 0.10510	 0.80848	20.84807	-1346.665186	-1401884.852497	55219.666055
45	 1.40724	 0.95413	 1.37856	 2.61828	 1.22200	 2.28885	 3.54155	 0.07555	 0.10478	 0.82879	21.57993	-1346.706076	-1401806.150287	55100.074553
46	 1.45156	 0.98428	 1.41068	 2.71890	 1.17619	 2.28885	 3.54155	 0.07555	 0.10478	 0.82879	21.90895	-1346.632081	-1401814.272981	55182.191768
47	 1.45156	 0.93038	 1.47081	 2.71890	 1.15082	 2.41544	 3.54155	 0.07555	 0.10478	 0.82879	22.67058	-1346.636825	-1401768.083278	55131.257983
48	 1.41757	 1.00651	 1.49997	 2.71890	 1.10588	 2.41544	 3.60597	 0.07555	 0.10478	 0.82879	23.03770	-1346.885272	-1401825.940716	54940.668713
49	 1.40418	 1.04280	 1.53982	 2.85978	 1.07709	 2.41544	 3.84191	 0.07555	 0.10478	 0.82879	23.56888	-1347.013064	-1401863.980951	54850.917367
50	 1.41765	 1.04514	 1.47321	 3.05051	 1.07952	 2.42087	 3.85055	 0.07572	 0.10501	 0.83065	23.12814	-1347.109887	-1401788.080713	54678.193923
51	 1.34692	 1.08713	 1.47996	 3.06449	 1.13016	 2.49790	 3.86820	 0.07606	 0.10549	 0.83446	23.18796	-1347.072816	-1401733.276119	54660.460578
52	 1.35092	 1.13376	 1.54837	 3.22918	 1.16651	 2.50532	 3.98972	 0.07629	 0.10581	 0.83694	22.59308	-1347.246593	-1401744.986657	54498.394137
53	 1.40382	 1.09665	 1.58285	 3.23326	 1.13287	 2.57890	 3.99476	 0.07638	 0.10594	 0.83800	22.21998	-1347.280997	-1401743.057937	54462.061049
54	 1.40862	 1.14157	 1.53532	 3.33809	 1.18653	 2.58772	 4.17967	 0.07665	 0.10630	 0.87614	21.68418	-1347.748054	-1401789.645269	54041.591462
55	 1.39955	 1.20037	 1.54053	 3.34942	 1.22067	 2.59650	 4.19385	 0.07691	 0.10666	 0.85241	22.13247	-1347.427259	-1401769.040086	54341.780679
56	 1.39595	 1.14866	 1.57078	 3.48479	 1.29959	 2.58981	 4.18305	 0.07671	 0.10639	 0.85021	21.74837	-1347.505011	-1401756.888498	54251.877627
57	 1.34896	 1.23219	 1.62948	 3.56227	 1.30338	 2.59737	 4.19526	 0.06794	 0.10228	 0.85269	21.17881	-1347.544774	-1401776.142835	54231.368809
58	 1.40040	 1.26417	 1.62523	 3.55296	 1.29998	 2.65947	 4.18431	 0.06776	 0.10201	 0.82529	21.49687	-1347.491536	-1401782.939213	54291.403248
59	 1.47710	 1.23721	 1.63009	 3.56134	 1.26341	 2.66742	 4.30864	 0.06796	 0.10232	 0.82776	20.96356	-1347.688938	-1401808.338897	54119.400904
60	 1.48204	 1.28760	 1.67960	 3.77007	 1.31071	 2.67635	 4.32306	 0.06819	 0.10266	 0.83053	21.29132	-1347.635867	-1401737.414314	54101.547631
61	 1.46457	 1.29197	 1.72271	 3.98286	 1.33903	 2.67987	 4.50588	 0.06828	 0.10280	 0.83162	20.65584	-1347.774481	-1401764.250357	53989.769669
62	 1.40244	 1.25172	 1.72839	 3.99601	 1.30039	 2.68872	 4.63081	 0.06851	 0.10727	 0.83437	20.05402	-1347.987339	-1401775.444790	53788.105431
63	 1.35658	 1.25641	 1.82593	 4.01098	 1.34892	 2.69879	 4.64816	 0.06876	 0.10768	 0.85397	19.83237	-1347.913116	-1401764.081678	53850.965948
64	 1.40269	 1.22232	 1.78390	 3.89830	 1.32689	 2.70320	 4.51648	 0.06888	 0.10785	 0.85537	20.22321	-1347.856105	-1401750.223597	53894.118322
65	 1.37196	 1.16522	 1.86858	 3.88805	 1.37045	 2.69609	 4.68636	 0.06869	 0.10757	 0.85312	19.98864	-1347.966030	-1401810.089336	53844.059610
66	 1.40627	 1.16854	 1.87390	 4.01917	 1.39910	 2.70376	 4.69970	 0.06249	 0.10788	 0.85555	20.49290	-1348.116675	-1401833.322638	53716.647784
67	 1.41082	 1.23733	 1.82743	 4.16307	 1.47121	 2.71251	 4.71489	 0.06269	 0.10822	 0.85832	20.04431	-1348.082735	-1401758.589575	53675.855012
68	 1.35564	 1.27630	 1.72255	 4.14519	 1.53617	 2.70085	 4.72171	 0.06242	 0.10776	 0.85463	19.96540	-1348.034182	-1401762.543939	53728.361919
69	 1.44212	 1.35512	 1.78724	 4.13309	 1.53168	 2.69297	 4.70793	 0.06224	 0.10744	 0.82649	20.45110	-1347.975119	-1401790.109013	53814.990063
70	 1.50248	 1.39083	 1.84987	 4.18675	 1.45240	 2.75766	 4.69865	 0.07037	 0.10723	 0.84195	20.81677	-1348.306650	-1401829.696251	53523.046659
71	 1.49821	 1.43438	 1.76384	 4.27464	 1.43366	 2.63602	 4.54725	 0.07017	 0.10693	 0.83956	21.45918	-1348.143945	-1401825.445537	53681.500765
72	 1.46766	 1.50065	 1.73085	 4.47175	 1.39860	 2.63602	 4.54725	 0.07017	 0.10693	 0.83956	21.85799	-1347.955898	-1401790.720698	53834.822838
73	 1.40301	 1.56661	 1.83748	 4.47175	 1.39860	 2.63602	 4.36177	 0.07017	 0.11421	 0.82081	21.53412	-1347.728533	-1401801.214231	54072.680990
74	 1.36373	 1.64779	 1.83554	 4.63343	 1.36448	 2.71559	 4.28952	 0.07010	 0.11409	 0.81995	21.02147	-1347.713508	-1401723.827136	54010.319426
75	 1.41855	 1.61606	 1.74203	 4.82822	 1.43177	 2.72513	 4.45342	 0.07034	 0.11449	 0.82283	21.38210	-1347.868069	-1401717.688686	53849.619831
76	 1.42136	 1.61927	 1.74549	 4.83779	 1.48700	 2.87685	 4.31110	 0.07048	 0.11471	 0.82446	21.88619	-1347.996078	-1401722.098057	53726.020252
77	 1.46836	 1.57833	 1.74000	 4.82260	 1.43538	 2.83022	 4.35407	 0.07026	 0.11435	 0.82187	22.24947	-1347.925336	-1401713.168801	53787.832327
78	 1.44772	 1.58479	 1.70872	 5.06036	 1.49689	 2.84180	 4.37189	 0.07055	 0.11482	 0.82523	21.80650	-1348.049835	-1401760.473019	53710.637822
79	 1.39001	 1.64351	 1.65204	 4.87820	 1.49689	 2.84180	 4.37189	 0.07055	 0.10663	 0.82523	21.32246	-1347.999199	-1401729.926379	53730.726881
80	 1.34295	 1.63913	 1.71897	 5.10044	 1.45040	 2.83423	 4.42343	 0.07036	 0.10635	 0.82304	21.77365	-1348.079040	-1401745.165808	53666.125438
81	 1.29393	 1.67585	 1.78878	 4.88119	 1.38454	 2.83423	 4.64247	 0.07036	 0.10635	 0.82304	22.29385	-1348.094303	-1401759.025240	53664.722337
82	 1.26370	 1.74516	 1.88097	 5.08037	 1.42533	 2.82494	 4.62725	 0.07013	 0.10600	 0.85248	22.63304	-1348.265804	-1401739.253088	53473.448666
83	 1.22449	 1.78717	 1.81861	 5.33166	 1.43500	 2.81558	 4.61192	 0.06990	 0.10565	 0.84965	22.30465	-1348.119962	-1401667.451194	53547.489418
84	 1.27649	 1.73726	 1.81528	 5.38532	 1.43500	 2.81558	 4.50535	 0.06364	 0.10565	 0.84965	22.79766	-1348.036701	-1401669.833648	53633.132934
85	 1.24351	 1.65951	 1.91811	 5.66352	 1.53034	 2.71951	 4.77611	 0.06393	 0.10614	 0.85357	22.25057	-1348.123383	-1401690.656467	53567.273829
86	 1.18419	 1.66504	 1.84380	 5.89064	 1.64408	 2.72857	 4.79202	 0.06414	 0.10649	 0.85641	22.65839	-1348.230979	-1401759.675353	53528.696641
87	 1.21232	 1.66773	 1.78614	 6.16869	 1.71295	 2.73297	 4.79975	 0.06425	 0.10508	 0.85779	23.09931	-1348.275403	-1401778.911305	53503.508444
88	 1.21482	 1.73631	 1.71799	 6.30688	 1.81484	 2.73861	 4.80965	 0.06438	 0.10530	 0.85956	22.81426	-1348.295455	-1401749.519432	53454.064541
89	 1.16944	 1.78786	 1.66891	 6.04932	 1.89738	 2.82432	 4.78880	 0.06410	 0.10484	 0.88039	23.25457	-1348.478959	-1401783.425363	53304.466182
90	 1.11972	 1.86705	 1.76962	 6.35903	 1.86539	 2.83170	 4.80130	 0.06427	 0.10512	 0.88269	23.61672	-1348.358891	-1401728.191606	53369.300830
91	 1.08377	 1.76255	 1.76467	 6.22427	 1.88882	 2.72591	 4.78235	 0.06401	 0.10470	 0.87920	24.27882	-1348.339922	-1401789.495063	53449.573268
92	 1.08006	 1.69746	 1.82606	 6.43047	 1.88236	 2.71658	 4.93396	 0.06379	 0.09721	 0.87620	25.03780	-1348.315940	-1401732.586708	53416.647145
93	 1.12493	 1.70484	 1.83399	 6.74979	 1.89053	 2.72838	 4.95539	 0.06407	 0.09763	 0.88000	24.28226	-1348.562770	-1401754.116104	53191.346319
94	 1.08849	 1.64943	 1.83990	 7.08062	 1.89663	 2.73718	 4.97137	 0.06428	 0.09794	 0.88284	24.55390	-1348.373458	-1401731.084452	53357.626786
95	 1.13321	 1.69851	 1.91816	 7.09340	 1.81942	 2.74211	 4.98033	 0.06439	 0.09812	 0.86121	23.99366	-1348.232313	-1401746.332065	53514.018745
96	 1.18040	 1.70537	 1.99948	 6.88892	 1.74916	 2.61552	 5.00046	 0.06465	 0.09852	 0.85064	24.22649	-1348.169253	-1401754.836145	53585.582900
97	 1.13320	 1.62040	 2.08153	 6.73116	 1.68893	 2.60191	 4.97445	 0.06432	 0.09352	 0.84622	24.90845	-1348.333953	-1401735.379919	53401.426814
98	 1.18754	 1.67421	 2.01460	 6.71846	 1.64922	 2.66896	 4.96506	 0.06420	 0.09334	 0.84462	24.52502	-1348.402774	-1401808.160587	53405.386432
99	 1.18372	 1.61466	 1.97506	 6.69686	 1.69883	 2.55053	 4.94910	 0.06399	 0.09304	 0.84576	24.17936	-1348.244731	-1401723.882144	53479.151388
100	 1.18031	 1.66040	 1.89538	 6.72464	 1.72996	 2.56111	 4.96963	 0.06078	 0.08816	 0.84927	24.37835	-1348.242709	-1401774.575668	53531.866448
101	 1.21684	 1.56057	 1.83367	 6.42137	 1.69272	 2.62567	 4.96107	 0.06067	 0.09109	 0.84781	24.66627	-1348.181186	-1401739.620672	53558.434511
102	 1.15265	 1.56555	 1.79206	 6.31747	 1.64070	 2.63404	 4.84763	 0.06087	 0.09138	 0.85051	24.11895	-1348.231306	-1401726.151809	53494.845992
103	 1.19976	 1.66837	 1.85874	 6.75110	 1.67469	 2.63149	 5.02130	 0.06081	 0.09129	 0.84969	23.51498	-1348.210691	-1401737.208836	53526.517946
104	 1.16403	 1.66559	 1.91676	 6.73988	 1.69710	 2.62711	 5.01295	 0.06071	 0.09114	 0.84828	22.79066	-1348.261872	-1401722.581924	53460.709863
105	 1.23590	 1.60876	 1.86870	 6.76742	 1.63764	 2.63785	 5.03343	 0.06096	 0.09151	 0.83055	22.21109	-1348.254906	-1401759.991934	53505.085644
106	 1.30528	 1.55565	 1.94804	 6.56778	 1.71469	 2.62416	 4.92846	 0.06118	 0.09184	 0.84181	22.64915	-1348.343957	-1401741.225842	53397.268457
107	 1.36453	 1.50580	 1.83278	 6.55206	 1.71059	 2.61788	 4.91667	 0.06103	 0.09162	 0.83979	23.05674	-1348.407575	-1401820.714802	53413.139982
108	 1.32153	 1.48633	 1.72930	 6.52767	 1.75746	 2.52877	 4.89836	 0.06080	 0.09128	 0.83667	22.77161	-1348.256970	-1401756.272221	53499.302513
109	 1.29773	 1.43997	 1.72374	 6.68147	 1.82715	 2.52065	 4.88263	 0.06061	 0.09099	 0.83398	22.33117	-1348.201697	-1401771.850695	53570.153933
110	 1.30020	 1.40087	 1.72702	 6.95205	 1.91819	 2.52544	 4.89191	 0.06072	 0.09116	 0.83556	22.02910	-1348.195066	-1401716.050081	53520.984022
111	 1.25699	 1.33103	 1.63800	 6.72753	 1.92170	 2.45541	 4.82036	 0.06083	 0.09133	 0.83709	22.26012	-1347.837646	-1401726.263991	53888.618218
112	 1.25417	 1.32805	 1.63432	 6.71243	 1.97093	 2.57807	 4.91369	 0.06070	 0.09112	 0.83522	21.80333	-1348.090081	-1401786.474529	53696.393351
113	 1.32415	 1.36126	 1.55532	 6.80455	 2.04412	 2.57069	 4.97956	 0.06052	 0.09086	 0.83283	22.26490	-1348.174699	-1401760.735150	53586.035650
114	 1.37938	 1.40999	 1.60144	 7.05965	 1.95415	 2.56282	 4.96430	 0.06034	 0.09058	 0.83027	22.81836	-1348.252295	-1401738.079518	53485.784387
115	 1.30666	 1.46070	 1.53160	 7.25024	 2.04124	 2.55117	 4.94175	 0.05554	 0.08538	 0.82650	23.44724	-1348.255524	-1401737.134644	53481.610923
116	 1.27184	 1.40650	 1.45273	 7.47752	 1.97094	 2.54084	 4.74349	 0.05532	 0.08503	 0.82315	24.31718	-1348.216706	-1401740.031061	53523.325336
117	 1.21212	 1.40233	 1.49042	 7.12735	 1.88334	 2.53330	 4.72942	 0.05516	 0.08478	 0.82071	23.99020	-1348.094090	-1401709.672406	53615.582262
118	 1.26078	 1.44257	 1.49440	 7.41949	 1.82838	 2.54007	 4.74205	 0.05530	 0.08500	 0.82290	23.16212	-1348.060512	-1401740.758864	53680.246410
119	 1.21468	 1.50102	 1.44599	 7.55082	 1.79642	 2.53319	 4.72921	 0.05515	 0.08477	 0.82067	22.60534	-1347.983672	-1401727.129915	53743.457877
120	 1.26601	 1.43821	 1.50713	 8.06113	 1.74168	 2.57767	 4.74651	 0.05534	 0.08505	 0.82338	22.79428	-1347.979325	-1401752.280618	53772.955951
121	 1.19585	 1.39552	 1.50414	 8.04513	 1.70470	 2.70902	 4.73710	 0.05523	 0.08488	 0.83619	23.50954	-1348.264305	-1401725.825313	53461.520680
122	 1.19852	 1.34859	 1.50751	 8.41825	 1.70851	 2.71508	 4.94682	 0.05535	 0.08507	 0.85489	23.85736	-1348.523360	-1401771.782400	53248.422395
123	 1.13768	 1.30564	 1.54628	 8.10755	 1.71359	 2.72316	 4.96154	 0.05551	 0.08533	 0.85744	23.43126	-1348.428049	-1401714.402517	53286.353362
124	 1.14113	 1.22239	 1.52152	 8.38336	 1.71880	 2.73144	 4.97662	 0.06433	 0.08559	 0.86004	23.23693	-1348.354255	-1401718.704381	53364.449562
125	 1.15674	 1.20972	 1.51732	 8.14201	 1.71406	 2.72390	 4.87408	 0.06416	 0.08535	 0.85767	22.68177	-1348.266741	-1401691.633953	53424.893112
126	 1.10297	 1.19298	 1.57551	 8.11146	 1.61428	 2.71368	 4.85579	 0.06392	 0.08503	 0.85445	22.53007	-1348.325868	-1401722.825916	53396.957856
127	 1.12858	 1.23933	 1.50877	 8.43712	 1.61163	 2.79530	 4.84783	 0.06381	 0.08121	 0.85305	22.94547	-1348.379864	-1401754.884272	53375.020645
128	 1.17409	 1.23522	 1.45373	 8.72544	 1.57392	 2.78604	 4.83177	 0.06360	 0.08094	 0.85022	22.50303	-1348.400787	-1401745.796643	53345.009524
129	 1.12432	 1.23203	 1.38628	 9.03359	 1.56985	 2.77884	 4.81928	 0.06343	 0.08073	 0.83230	22.07542	-1348.414791	-1401717.420758	53302.629599
130	 1.16830	 1.23401	 1.36116	 8.49461	 1.63896	 2.70244	 4.82703	 0.06354	 0.08086	 0.83364	21.79813	-1348.309832	-1401744.663164	53434.831489
131	 1.20838	 1.17987	 1.31600	 8.34209	 1.60290	 2.70670	 4.83464	 0.06364	 0.08099	 0.83495	22.11515	-1348.218141	-1401734.498793	53516.357637
132	 1.17032	 1.18503	 1.37881	 7.94602	 1.57139	 2.71853	 4.85577	 0.06391	 0.08134	 0.83860	22.53644	-1348.337989	-1401706.212378	53368.222908
133	 1.13347	 1.18196	 1.43005	 8.13148	 1.61526	 2.71149	 5.04777	 0.06375	 0.08113	 0.83643	22.19380	-1348.318502	-1401716.081951	53397.579688
134	 1.07496	 1.21643	 1.38827	 8.49572	 1.64588	 2.70480	 5.03531	 0.06359	 0.08093	 0.83437	21.68830	-1348.493612	-1401726.222795	53232.611271
135	 1.03251	 1.13991	 1.38975	 8.91223	 1.72309	 2.69522	 4.93511	 0.06337	 0.08064	 0.83141	22.16311	-1348.201232	-1401718.145374	53516.913651
136	 1.01595	 1.19999	 1.35725	 8.54700	 1.66227	 2.70101	 4.95678	 0.06350	 0.08082	 0.83320	22.42516	-1348.228175	-1401677.330833	53449.155882
137	 0.95324	 1.16193	 1.28253	 8.97596	 1.62674	 2.73530	 5.16377	 0.06375	 0.08113	 0.83638	21.63147	-1348.348345	-1401737.596791	53389.251822
138	 1.00048	 1.09883	 1.33338	 8.96373	 1.57526	 2.75596	 5.15674	 0.06366	 0.08101	 0.83524	21.97872	-1348.228437	-1401672.271170	53443.833730
139	 1.04636	 1.10102	 1.26279	 9.38059	 1.62276	 2.76145	 5.31269	 0.06379	 0.08118	 0.83690	21.59579	-1348.496760	-1401672.912781	53176.152796
140	 1.02056	 1.15326	 1.29747	 9.07674	 1.56740	 2.76145	 5.31269	 0.06379	 0.08118	 0.83690	21.41916	-1348.507974	-1401735.279307	53227.305558
141	 1.02014	 1.15279	 1.33546	 9.58957	 1.56676	 2.76033	 5.31054	 0.06376	 0.08114	 0.83656	21.90747	-1348.544883	-1401727.532483	53182.649466
142	 1.04633	 1.17401	 1.33497	 9.13932	 1.63594	 2.75931	 5.52930	 0.06374	 0.08111	 0.83625	22.28568	-1348.656505	-1401678.616194	53022.111370
143	 1.04382	 1.17119	 1.35746	 9.11743	 1.63202	 2.75270	 5.26728	 0.06358	 0.08092	 0.83425	21.72861	-1348.638438	-1401755.492215	53117.054317
144	 1.01163	 1.12995	 1.31820	 8.75182	 1.56885	 2.76221	 5.28548	 0.06380	 0.08120	 0.83713	21.90928	-1348.623655	-1401706.114405	53082.458945
145	 0.99463	 1.08016	 1.35963	 8.75670	 1.62694	 2.76375	 5.28843	 0.05863	 0.08124	 0.83760	21.60359	-1348.603400	-1401730.390509	53126.990584
146	 1.04471	 1.12172	 1.31876	 8.77562	 1.63045	 2.68652	 5.29985	 0.05876	 0.08142	 0.83941	22.10838	-1348.503901	-1401742.409094	53238.508040
147	 1.08167	 1.08218	 1.26524	 8.38673	 1.64592	 2.57112	 5.29065	 0.05865	 0.08684	 0.83795	22.32807	-1348.563929	-1401773.597221	53209.668213
148	 1.10658	 1.11348	 1.24199	 8.78422	 1.64609	 2.58123	 5.08687	 0.05456	 0.08718	 0.84125	21.61559	-1348.308240	-1401799.248879	53491.009319
149	 1.05089	 1.08664	 1.19755	 8.46497	 1.71353	 2.68469	 5.08150	 0.05450	 0.08709	 0.84036	21.26466	-1348.288989	-1401734.015065	53445.026449
150	 0.99831	 1.08968	 1.25710	 8.15628	 1.64681	 2.69219	 5.09571	 0.06075	 0.08733	 0.84271	20.52564	-1348.423482	-1401743.830457	53320.348172
151	 1.01715	 1.09202	 1.30309	 7.96296	 1.69537	 2.82859	 5.22409	 0.06088	 0.08752	 0.86082	20.79587	-1348.566471	-1401677.336353	53110.865435
152	 0.98785	 1.12533	 1.24413	 7.93662	 1.62885	 2.81923	 4.99552	 0.06068	 0.08723	 0.85797	20.46253	-1348.419522	-1401700.008269	53280.486008
153	 0.99110	 1.06382	 1.21163	 7.60052	 1.71489	 2.82852	 4.85376	 0.06570	 0.08752	 0.86080	19.90603	-1348.297713	-1401660.621753	53362.908391
154	 1.06381	 1.01135	 1.17425	 7.28878	 1.80618	 2.83710	 5.08500	 0.06590	 0.08778	 0.86341	19.78111	-1348.359642	-1401710.288964	53350.646714
155	 1.08017	 1.05344	 1.20794	 7.26636	 1.80062	 2.82838	 5.06936	 0.06720	 0.08751	 0.84555	19.43421	-1348.434403	-1401764.444403	53330.041181
156	 1.10681	 1.05488	 1.26091	 7.65175	 1.72193	 2.71099	 5.07629	 0.06729	 0.08763	 0.84670	19.31668	-1348.398607	-1401795.783873	53397.176493
157	 1.04845	 1.10453	 1.22912	 7.30364	 1.78491	 2.70415	 4.88161	 0.06712	 0.08741	 0.84456	19.73558	-1348.254745	-1401766.313780	53511.569087
158	 0.99225	 1.09648	 1.27088	 7.09022	 1.78917	 2.71060	 5.13079	 0.06728	 0.08762	 0.84658	19.22822	-1348.412471	-1401810.831293	53398.360766
159	 1.02104	 1.12805	 1.20433	 7.07489	 1.72797	 2.70474	 5.11969	 0.06714	 0.08743	 0.84475	19.50054	-1348.315162	-1401751.353957	53436.191914
160	 1.07819	 1.10148	 1.16487	 7.49198	 1.65522	 2.70905	 5.12784	 0.06724	 0.08757	 0.84609	19.13333	-1348.340796	-1401766.633526	53425.837327
161	 1.07956	 1.07384	 1.14100	 7.66095	 1.61740	 2.57854	 5.11676	 0.06710	 0.08738	 0.84427	19.08633	-1348.218336	-1401766.177397	53547.841679
162	 1.11584	 1.01949	 1.16279	 7.43890	 1.57596	 2.56808	 5.09601	 0.06683	 0.08703	 0.84084	19.39336	-1348.172584	-1401763.934408	53591.350320
163	 1.06790	 1.06989	 1.11364	 7.28859	 1.52458	 2.56808	 5.09601	 0.06683	 0.08703	 0.84084	19.20017	-1348.146368	-1401747.870932	53601.503412
164	 1.08656	 1.03784	 1.17289	 7.30368	 1.45663	 2.48655	 5.10656	 0.06696	 0.08721	 0.84258	18.76357	-1347.951445	-1401701.307908	53749.862523
165	 1.08426	 0.99335	 1.22500	 7.28821	 1.50617	 2.48128	 5.09574	 0.06682	 0.08933	 0.84080	19.19141	-1347.897658	-1401690.584113	53792.926000
166	 1.11968	 0.98398	 1.22928	 7.31366	 1.44605	 2.48994	 5.11354	 0.06706	 0.08965	 0.84373	18.46288	-1348.176237	-1401743.636694	53567.399205
167	 1.09785	 0.98821	 1.23456	 7.55354	 1.50808	 2.61604	 4.97281	 0.06734	 0.09003	 0.84736	18.60793	-1348.150204	-1401717.462767	53567.258758
168	 1.05177	 1.03803	 1.29434	 7.53673	 1.46636	 2.61021	 4.96173	 0.06719	 0.08983	 0.84547	18.24337	-1348.111344	-1401721.225080	53609.881223
169	 1.02531	 1.08581	 1.25383	 7.56637	 1.55175	 2.62048	 5.17157	 0.06746	 0.09018	 0.84880	18.61130	-1348.028776	-1401702.198753	53673.422768
170	 0.98264	 1.12455	 1.21183	 7.55079	 1.54856	 2.61508	 5.16092	 0.06732	 0.09000	 0.84705	18.92769	-1348.212203	-1401723.731359	53511.528370
171	 0.94292	 1.07266	 1.26028	 7.30516	 1.55237	 2.70751	 5.17363	 0.06748	 0.09022	 0.84914	18.53950	-1348.271053	-1401743.442927	53472.389912
172	 0.97360	 1.07626	 1.20320	 7.02738	 1.50109	 2.71660	 5.10698	 0.06771	 0.09052	 0.85199	19.14726	-1348.304057	-1401715.848310	53411.790912
173	 0.96965	 1.07189	 1.14943	 7.47278	 1.43480	 2.70557	 5.08625	 0.07083	 0.09016	 0.84853	19.55268	-1348.474168	-1401727.205626	53253.037523
174	 0.97209	 1.03919	 1.11766	 7.49164	 1.43842	 2.81036	 5.09908	 0.07101	 0.09038	 0.85067	18.78843	-1348.321616	-1401757.461305	53435.845394
175	 1.01791	 1.00579	 1.09064	 7.73920	 1.37514	 2.82179	 5.11983	 0.07130	 0.08827	 0.85413	18.40110	-1348.402342	-1401696.837652	53294.495954
176	 0.98427	 1.00381	 1.12204	 7.72394	 1.42383	 2.80449	 4.98445	 0.07116	 0.09109	 0.85245	17.97847	-1348.397874	-1401706.110362	53308.236116
177	 1.03526	 1.03851	 1.17271	 7.35171	 1.35832	 2.85694	 5.21435	 0.06850	 0.08726	 0.84940	18.56701	-1348.389690	-1401698.973772	53309.283359
178	 0.99226	 1.11773	 1.21948	 7.17563	 1.40483	 2.86551	 5.23000	 0.06871	 0.08753	 0.85195	18.07135	-1348.494451	-1401692.170419	53197.719553
179	 0.95524	 1.06943	 1.25283	 7.35355	 1.34058	 2.94896	 5.39535	 0.06840	 0.08714	 0.84815	18.26374	-1348.524284	-1401640.095086	53115.810736
180	 1.00606	 1.09610	 1.30296	 7.41304	 1.28694	 2.93971	 5.37842	 0.06819	 0.08686	 0.84549	17.97631	-1348.693269	-1401777.902693	53084.633948
181	 1.00210	 1.11242	 1.24787	 7.63756	 1.25968	 2.92813	 5.29282	 0.06792	 0.08652	 0.84216	17.60367	-1348.599072	-1401843.678683	53244.606938
182	 1.04137	 1.16669	 1.32699	 7.66250	 1.28587	 2.93769	 5.31010	 0.06814	 0.08680	 0.84491	17.14024	-1348.620097	-1401762.013328	53141.916408
183	 1.07537	 1.11323	 1.38052	 7.36586	 1.20497	 2.93406	 5.10194	 0.06806	 0.08670	 0.84386	17.65105	-1348.549254	-1401735.808066	53186.554093
184	 1.10643	 1.16069	 1.33866	 7.82302	 1.15597	 3.04950	 5.28150	 0.06822	 0.08690	 0.84590	17.27087	-1348.639801	-1401732.826068	53093.025265
185	 1.16866	 1.12003	 1.29573	 7.98714	 1.19367	 3.03739	 5.03292	 0.06795	 0.08656	 0.84254	17.73286	-1348.834852	-1401749.114473	52914.262687
186	 1.22336	 1.17893	 1.36467	 7.65862	 1.14005	 2.92876	 5.15438	 0.06809	 0.08673	 0.86817	17.42467	-1348.755064	-1401744.999580	52989.935561
187	 1.18449	 1.22454	 1.39722	 7.90207	 1.13762	 3.04595	 5.14339	 0.06794	 0.08655	 0.86632	17.16915	-1348.785641	-1401734.072870	52948.431429
188	 1.21478	 1.28606	 1.45415	 7.68441	 1.14217	 3.05815	 5.16399	 0.06821	 0.08690	 0.85689	16.83721	-1348.902642	-1401734.489958	52831.848242
189	 1.21847	 1.25237	 1.45858	 7.79788	 1.14565	 3.06745	 5.17970	 0.06842	 0.08716	 0.85950	16.38731	-1348.772104	-1401706.103197	52933.999509
190	 1.18938	 1.23579	 1.46446	 8.13871	 1.19326	 3.07982	 5.20058	 0.06870	 0.08751	 0.86296	16.51996	-1348.805364	-1401682.136467	52876.772298
191	 1.22924	 1.30879	 1.37364	 8.10812	 1.22792	 3.06824	 5.18104	 0.06844	 0.08718	 0.85972	16.38334	-1348.822703	-1401655.120423	52832.417187
192	 1.18586	 1.34827	 1.37364	 8.34846	 1.22792	 3.06824	 5.18104	 0.06844	 0.08718	 0.85858	15.96340	-1348.784700	-1401727.880270	52943.180096
193	 1.16427	 1.31413	 1.31131	 8.70490	 1.18086	 3.07664	 5.19521	 0.06863	 0.08742	 0.87039	16.30203	-1348.941598	-1401780.926634	52839.328613
194	 1.18873	 1.32033	 1.27492	 8.46055	 1.23273	 3.09115	 5.21972	 0.06895	 0.08783	 0.86170	16.33955	-1348.804234	-1401733.045165	52928.810729
195	 1.13503	 1.31709	 1.27179	 8.43980	 1.22970	 3.08357	 5.08947	 0.06878	 0.08762	 0.85959	16.68730	-1348.874920	-1401741.735479	52866.815706
196	 1.19621	 1.31991	 1.27451	 8.87026	 1.16991	 3.09017	 4.92590	 0.06893	 0.08781	 0.86143	16.38724	-1348.687175	-1401725.830038	53038.655312
197	 1.14712	 1.28988	 1.27109	 8.51220	 1.21243	 3.08178	 5.16505	 0.06874	 0.08757	 0.88521	15.95100	-1348.927289	-1401699.002391	52771.713579
198	 1.11263	 1.37549	 1.33022	 8.27620	 1.28297	 3.05002	 5.18154	 0.06896	 0.08785	 0.88804	15.37242	-1348.820084	-1401705.630203	52885.546692
199	 1.17663	 1.34265	 1.26872	 8.19245	 1.28448	 3.21207	 5.18765	 0.06904	 0.08795	 0.88909	15.01544	-1348.814889	-1401682.023663	52867.134959
