iteration	A_coal_stats_total	A_num_coals_total	B_coal_stats_total	B_num_coals_total	C_coal_stats_total	C_num_coals_total	AB_coal_stats_total	AB_num_coals_total	root_coal_stats_total	root_num_coals_total	A__pop_coal_stats_total	A__pop_num_coals_total	B__pop_coal_stats_total	B__pop_num_coals_total	C__pop_coal_stats_total	C__pop_num_coals_total	AB__pop_coal_stats_total	AB__pop_num_coals_total	root__pop_coal_stats_total	root__pop_num_coals_total	
0	7.33194860874249165760829782811924815	68784	6.29572319896922127924199230619706213	58838	7.05119891891241845627291695564053953	74984	30.84982476224122294183871417772024870	144903	73.25304235682359887960046762600541115	225000	7.33194860874280696094729137257672846	68784	6.29572319896914134318421929492615163	58838	7.05119891891245131887444586027413607	74984	1.86766942575245575852704860153608024	17281	0.51783704520010243044225717312656343	5113	
1	7.40855784035858455638390296371653676	68590	6.26796452421833194534883659798651934	58871	7.33567468979039105647643737029284239	74962	31.04486072892448689231059688609093428	144861	74.51652864826412780985265271738171577	225000	7.40855784035860676084439546684734523	68590	6.26796452421807970267764176242053509	58871	7.33567468979047099253421038156375289	74962	1.95852713288083690734708852687617764	17400	0.51259579860259518735432493485859595	5177	
2	7.34817416435519010775578863103874028	68571	6.34392798230462329200918247806839645	58726	7.50230251032599237959175297874026000	74957	31.19498426973818183682851667981594801	144857	75.31472074601533961413224460557103157	225000	7.34817416435523629303361303755082190	68571	6.34392798230427157335498122847639024	58726	7.50230251032619221973618550691753626	74957	2.04125472999946921959235623944550753	17560	0.53004603731357180507188786577899009	5186	
3	7.48933156936307486972737024188973010	68414	6.35782641115273960963349964004009962	58682	7.53435628782060806685194620513357222	74949	31.56043153699864234340566326864063740	144848	75.96089153848248542999499477446079254	225000	7.48933156936313526585990985040552914	68414	6.35782641115244029350606069783680141	58682	7.53435628782073862907964212354272604	74949	2.09751267310517075515008400543592870	17752	0.51001673820249837643103774098563008	5203	
4	7.57146907778925815080128813860937953	68350	6.50504887411159060661702824290841818	58362	7.56764031217701838016864712699316442	74939	32.13625043028137895362306153401732445	144819	77.00601291223895827897649724036455154	225000	7.57146907778938427213688555639237165	68350	6.50504887411118648543606468592770398	58362	7.56764031217704147280755933024920523	74939	2.19018000619089114877624524524435401	18107	0.50712896180897071296556077868444845	5242	
5	7.38579660571412599523455355665646493	68220	6.44259868487096198919061862397938967	58204	7.60746501666406427233368958695791662	74942	31.70266957061654977678699651733040810	144809	76.50604784598613150592427700757980347	225000	7.38579660571423168846649787155911326	68220	6.44259868487101616807422033161856234	58204	7.60746501666418861731244760449044406	74942	2.27730286051237973410366066673304886	18385	0.49280458569125124013154959357052576	5249	
6	7.52697179781259606556886865291744471	68016	6.56612972541381800795079470844939351	58015	7.91505541912190846431940371985547245	74933	32.30550657066360287217321456409990788	144799	78.39070536351277951325755566358566284	225000	7.52697179781264846809563096030615270	68016	6.56612972541389616765172831946983933	58015	7.91505541912221755040945936343632638	74933	2.33072757379772887986746354727074504	18768	0.48678423802678910670138634486647788	5268	
7	7.54254505053484436416511016432195902	68114	6.54751297755639072306621528696268797	57990	8.00363711321899451434092043200507760	74914	32.25967317830615144202965893782675266	144758	78.59641011540550437075580703094601631	225000	7.54254505053474666453894315054640174	68114	6.54751297755631700425738017656840384	57990	8.00363711321932669306988827884197235	74914	2.30409525320479424692621250869706273	18654	0.49878873272650797732197247569274623	5328	
8	7.50169329000017004460687530809082091	67858	6.39445173890628737467523023951798677	58052	8.15431951947118527357361017493531108	74905	31.99305121662969142448673665057867765	144747	78.70015085528027043437759857624769211	225000	7.50169328999992846007671687402762473	67858	6.39445173890618434597854502499103546	58052	8.15431951947090460919298493536189198	74905	2.45010342528754465618590074882376939	18837	0.49511887867118092865226230969710741	5348	
9	7.44709647410404862455379770835861564	67669	6.42177462686335509545187960611656308	57912	8.19134396323156899200057523557916284	74906	32.02535507189918462245259433984756470	144733	78.89393637829851968490402214229106903	225000	7.44709647410372355125218746252357960	67669	6.42177462686312505724117727368138731	57912	8.19134396323146418694705062080174685	74906	2.54639214436546224007429373159538954	19152	0.50251734399056013913309470808599144	5361	
10	7.71373802965013499743918146123178303	67407	6.56280520294601199537964930641464889	57708	8.28746540978633561280730646103620529	74884	32.99552620248041279182871221564710140	144672	80.74302052604654988954280270263552666	225000	7.71373802965002663967197804595343769	67407	6.56280520294609814868636021856218576	57708	8.28746540978595369608683540718629956	74884	2.67953836252307064924593760224524885	19557	0.48281372774115216550683271634625271	5444	
11	7.75569218324004960862794177955947816	67409	6.55206075760716366573888080893084407	57805	8.45620505703138114483863319037482142	74869	33.08093610313445509518714970909059048	144669	81.36655599469696653613937087357044220	225000	7.75569218324005493769845998031087220	67409	6.55206075760734218960124053410254419	57805	8.45620505703106495332121994579210877	74869	2.71136202933944270299093659559730440	19455	0.46778412841454736215140997046546545	5462	
12	7.74373079135201969336321781156584620	67415	6.59743911404694927114178426563739777	57648	8.70965761177362551848091243300586939	74839	33.15962494493404477680087438784539700	144646	82.21672373090270014017733046784996986	225000	7.74373079135192199373705079779028893	67415	6.59743911404715799307041379506699741	57648	8.70965761177341946108754200395196676	74839	2.70918671009770184454623631609138101	19583	0.46688877246783377916727886258740909	5515	
13	7.72558610496925890487318611121736467	67420	6.57418843897970806011699096416123211	57732	8.82830901403435674978936731349676847	74835	33.12649224834004968442968674935400486	144660	82.53695042405686876918480265885591507	225000	7.72558610496906084108559298329055309	67420	6.57418843897998517178393740323372185	57732	8.82830901403428747187263070372864604	74835	2.75659118021337956605520957964472473	19508	0.45565460142647962182849141754559241	5505	
14	7.78528935002691202527103087049908936	67405	6.58352278108392052757835699594579637	57706	8.96506284688601340349123347550630569	74799	33.29259021176978450284877908416092396	144622	83.24114297856750965820538112893700600	225000	7.78528935002662159092778892954811454	67405	6.58352278108428912162253254791721702	57706	8.96506284688624965895087370881810784	74799	2.76860016139076003938157555239740759	19511	0.46607424749862674806522022663557436	5579	
15	7.81949390645081798822957352967932820	67364	6.61368317613529654863668838515877724	57723	8.95925196030821169301816553343087435	74793	33.43640425222896084278545458801090717	144598	83.42152932929818121010612230747938156	225000	7.81949390645083930451164633268490434	67364	6.61368317613536227383974619442597032	57723	8.95925196030821879844552313443273306	74793	2.79028906311674118612131678673904389	19511	0.46147883933586220095435237453784794	5609	
16	7.67936254117927674656129966024309397	67394	6.48295552963784249556056238361634314	57645	8.98743642781851015399752213852480054	74785	32.92605752363945725846861023455858231	144584	82.77302690740833668314735405147075653	225000	7.67936254117936289986801057239063084	67394	6.48295552963793308975937179639004171	57645	8.98743642781894358506633579963818192	74785	2.85178114088805356729494633327703923	19545	0.46322856819831842445367442451242823	5631	
17	7.75180003191454858324505039490759373	67335	6.58872101594583892136824943008832633	57472	9.02460191721021764976740087149664760	74764	33.33600588523155749953730264678597450	144566	83.54518753697283273140783421695232391	225000	7.75180003191458144584657929954119027	67335	6.58872101594594550277861344511620700	57472	9.02460191721097793049466417869552970	74764	2.88962888579600818417247864999808371	19759	0.47150769967344696720346064466866665	5670	
18	7.75170578233445972671233903383836150	67335	6.78760488996463262623137779883109033	57229	9.44532090585315842190539115108549595	74731	33.79829164007037434203084558248519897	144543	85.48949106889395466168934945017099380	225000	7.75170578233458229533425765112042427	67335	6.78760488996475253031803731573745608	57229	9.44532090585376948865814483724534512	74731	2.94198857068162000771849307056982070	19979	0.46246953022792436360788315141689964	5726	
19	7.82456426304774410596110101323574781	67200	6.78251157195567078161957397242076695	57304	9.50970790961683931641346134711056948	74724	33.98297560365205072230310179293155670	144497	86.01896133042600922635756433010101318	225000	7.82456426304787466818879693164490163	67200	6.78251157195592835336128700873814523	57304	9.50970790961716971878558979369699955	74724	2.97500850063156185854040813865140080	19993	0.48189873522032194985698083655734081	5779	
20	7.79741838120380137411302712280303240	67203	6.83574140764685900251151906559243798	57211	9.45536264765815026578366087051108479	74728	34.14481077894663485494675114750862122	144476	86.18342189569574429697240702807903290	225000	7.79741838120378183418779372004792094	67203	6.83574140764708282347328349715098739	57211	9.45536264765834033596547669731080532	74728	3.08517592899251491544987402448896319	20062	0.48867492606427465062779447180218995	5796	
21	7.83936328511182090039710601558908820	67259	7.05296029789864586945213886792771518	56944	9.54652904356315623601858533220365644	74715	34.75292145429920509513976867310702801	144456	87.41529226003875407968735089525580406	225000	7.83936328511195235080322163412347436	67259	7.05296029789888123673335940111428499	56944	9.54652904356328591006786155048757792	74715	3.14939168643047695539394226216245443	20253	0.49954151429590104571687447787553538	5829	
22	7.83496886815352588939731504069641232	67265	7.05187171081906516434401055448688567	56966	9.58047112194303629451042070286348462	74710	34.78445796539951118120370665565133095	144419	87.57844374444960067194188013672828674	225000	7.83496886815365023437607305822893977	67265	7.05187171081924280002795057953335345	56966	9.58047112194348393643394956598058343	74710	3.17917512640359856135319205350242555	20188	0.51033015471481646407880816695978865	5871	
23	7.88505965450475976297184388386085629	66997	7.00513812586835626916581531986594200	56770	9.93082601552529986577155796112492681	74676	34.91974603288239364928813301958143711	144352	88.88594272219427239178912714123725891	225000	7.88505965450483436995909869438037276	66997	7.00513812586843975793726713163778186	56770	9.93082601552579014025923243025317788	74676	3.32213136009996734543392449268139899	20585	0.53001477793112861114366296533262357	5972	
24	7.76985262209506366559708112617954612	66884	6.97697007739838426232381607405841351	56727	10.28632687953095015132021217141300440	74656	34.78285057726742479644599370658397675	144303	89.71648115247455734788672998547554016	225000	7.76985262209515781250956933945417404	66884	6.97697007739844909934845418320037425	56727	10.28632687953146884751731704454869032	74656	3.48790606465976216199464943201746792	20692	0.53896885921462911461787825828650966	6041	
25	7.82473723751753880151227349415421486	66778	7.00543800147534678757210713229142129	56514	10.27920633186970178485353244468569756	74663	35.04461585079791774433033424429595470	144274	90.15135911209908670116419671103358269	225000	7.82473723751745975363292018300853670	66778	7.00543800147527662147695082239806652	56514	10.27920633186944066039814060786738992	74663	3.59506355399802046690638235304504633	20982	0.54691791743779438750294730198220350	6063	
26	7.96173531840087722599719199934042990	66683	7.07106736832135229775531115592457354	56392	10.44740379016168319026292010676115751	74628	35.61224136540003115669605904258787632	144253	91.61051681155311143811559304594993591	225000	7.96173531840063208875335476477630436	66683	7.07106736832140825299575226381421089	56392	10.44740379016129416811509145190939307	74628	3.74180359216257629739743606478441507	21178	0.55841820960173216281674513083999045	6119	
27	7.96735220444652014748498913832008839	66622	7.11933016846858635062744724564254284	56347	10.86021499049967431460572697687894106	74616	35.82518432532000929313653614372014999	144237	93.17120594856316984078148379921913147	225000	7.96735220444644554049773432780057192	66622	7.11933016846865740490102325566112995	56347	10.86021499049939009751142293680459261	74616	3.84508678104804113573322865704540163	21268	0.56667594116289643491057859137072228	6147	
28	7.99790988708451866529003382311202586	66618	7.22584161602001806556927476776763797	56238	10.93185597833615396723416779423132539	74587	36.21773084060535552453075069934129715	144170	94.02040978483586286529316566884517670	225000	7.99790988708425931719148138654418290	66618	7.22584161601992658319204565486870706	56238	10.93185597833546296442364109680056572	74587	3.95529733858966414672408973274286836	21314	0.57118016592638287676209074561484158	6243	
29	7.86256826663023566936772112967446446	66538	7.07376926845206277505440084496513009	56346	10.89644491274732907015732052968814969	74570	35.62813684619028720135247567668557167	144094	93.00993528537911458897724514827132225	225000	7.86256826663003050015277040074579418	66538	7.07376926845207609773069634684361517	56346	10.89644491274622239984637417364865541	74570	3.97515023063653316626187006477266550	21210	0.58324734254153687285082696689642034	6336	
30	7.94280078893214280810752825345844030	66419	7.22053495040739257149198238039389253	56005	11.11659893618440264617674984037876129	74537	36.18675664347905751583311939612030983	144117	94.57113002335496787509327987208962440	225000	7.94280078893212859725281305145472288	66419	7.22053495040739701238408088102005422	56005	11.11659893618451100394395325565710664	74537	4.04236955866889324795465654460713267	21693	0.61041602689583174257137443419196643	6346	
31	8.04263276388780212755591492168605328	66359	7.25842558639003954112922656349837780	56004	11.57865050274564033827573439339175820	74508	36.53046135010213646410193177871406078	144066	96.49157598625836840255942661315202713	225000	8.04263276388788739268420613370835781	66359	7.25842558639001289577663555974140763	56004	11.57865050274560658749578578863292933	74508	4.10884964128727236953864121460355818	21703	0.64000724317418600239903980764211155	6426	
32	7.94325768435251777788153049186803401	66328	7.14833847558635593344433800666593015	56076	11.60746108602958059918819344602525234	74485	36.10621415025612890303818858228623867	144076	95.86393906044781942910049110651016235	225000	7.94325768435273182888067822204902768	66328	7.14833847558626089835343009326606989	56076	11.60746108602958059918819344602525234	74485	4.12960167275840372980155734694562852	21672	0.66240149224549305095877116400515661	6439	
33	7.98935627995363351061541834496892989	66231	7.22770058245308977262766347848810256	55984	12.06809217242664722391509712906554341	74441	36.45985340744223179854088812135159969	144060	97.80783026530747292781597934663295746	225000	7.98935627995394259670547398854978383	66231	7.22770058245292723597685835557058454	55984	12.06809217242689413751577376388013363	74441	4.21909080866423025213407527189701796	21845	0.70008209548081756778969975130166858	6499	
34	7.92140767948832014155868819216266274	66282	7.17781814988708166680453359731473029	55895	12.19788254063208832178588636452332139	74415	36.36231582951051422014643321745097637	144028	98.07265452255128934666572604328393936	225000	7.92140767948839297218910360243171453	66282	7.17781814988689337297955717076547444	55895	12.19788254063212384892267436953261495	74415	4.37634353316695712265982365352101624	21851	0.71137097924234493628858899683109485	6557	
35	7.88935556508842239509249338880181313	66180	7.16452619032571824675414973171427846	55778	12.16813824222982276523907785303890705	74409	36.31790123082031840340277994982898235	143991	97.95996384971539328034850768744945526	225000	7.88935556508838420342044628341682255	66180	7.16452619032568982504471932770684361	55778	12.16813824223012119318809709511697292	74409	4.44566635201412374556184659013524652	22033	0.73392023024292751820496505388291553	6600	
36	7.81570639885049622819224168779328465	66113	7.04493584553800289427272218745201826	55586	12.68037757771316975663467019330710173	74350	35.92885622171794324231086648069322109	144005	98.73545452452482606986450264230370522	225000	7.81570639885030704618884556111879647	66113	7.04493584553787766111554446979425848	55586	12.68037757771330475975446461234241724	74350	4.47143121997706582959608567762188613	22306	0.76005315787870852961560785843175836	6645	
37	7.90212917056080055289157826337032020	65799	7.14946617504033365975146807613782585	55377	12.72992699277408767954966606339439750	74307	36.37317800372700560274097369983792305	143988	99.59586468819935589635861106216907501	225000	7.90212917056066466159336414420977235	65799	7.14946617504024128919581926311366260	55377	12.72992699277436301485977310221642256	74307	4.51423012214456598201195447472855449	22812	0.82562054761718750572896396988653578	6705	
38	7.80907633400367284792764621670357883	65498	6.96078643795666884841466526268050075	55399	12.72749893347526928266688628355041146	74311	35.96587626474143206678490969352424145	143962	98.97886865076830531506857369095087051	225000	7.80907633400374123766596312634646893	65498	6.96078643795656759607481944840401411	55399	12.72749893347522665010274067753925920	74311	4.71746042807688237274987841374240816	23065	0.84534920243105493575797027006046847	6727	
39	8.02180360156026495133119169622659683	65209	7.16358087580655400472551264101639390	55063	12.74120326365488686803928430890664458	74301	36.99316451021178409064305014908313751	143916	100.75267770037902437252341769635677338	225000	8.02180360156031113660901610273867846	65209	7.16358087580644831149356832611374557	55063	12.74120326365521016498405515449121594	74301	4.89320202263576931045463425107300282	23644	0.88638231598678707268135212871129625	6783	
40	7.93372077539654085853726428467780352	65172	6.99651470158088351070091448491439223	54985	13.15021170057871380265623884042724967	74245	36.56635174281783662308953353203833103	143846	101.28931769121962247481860686093568802	225000	7.93372077539668207890599660458974540	65172	6.99651470158082933181731277727521956	54985	13.15021170057855570689753221813589334	74245	5.01209245064139530256852594902738929	23689	0.94958141891683534030477176202111878	6909	
41	8.01146064909018029709386610193178058	65041	7.15447163417115206129892612807452679	54875	13.10768937173955883679354883497580886	74250	37.18166918501455597834137734025716782	143869	102.19270362016938236138230422511696815	225000	8.01146064909043609247873973799869418	65041	7.15447163417098686011286190478131175	54875	13.10768937173937231932541180867701769	74250	5.12798578154538109430404801969416440	23953	0.98719368829140308196912201310624368	6881	
42	8.08654171144269007243110536364838481	64917	7.15208020211538375576765247387811542	54816	13.10014967297574983717822760809212923	74210	37.41759557286093240691116079688072205	143821	102.61408252822995734732103301212191582	225000	8.08654171144309685814732802100479603	64917	7.15208020211546458000384518527425826	54816	13.10014967297549226543651457177475095	74210	5.21506675035661881878468193463049829	24088	1.00799675326310400613749607146019116	6969	
43	8.03432623653144339925802341895177960	65043	7.10731623137128476486168437986634672	54854	13.36349997275904755156261671800166368	74165	37.31192507273067349160555750131607056	143744	103.20861664728978723815089324489235878	225000	8.03432623653170452371341525577008724	65043	7.10731623137127055400696917786262929	54854	13.36349997275911327676567452726885676	74165	5.32176302693163805201947980094701052	23847	1.03919169126882771081454848172143102	7091	
44	8.06419190415356013090786291286349297	64972	7.09928963373969867944879297283478081	54753	13.37090795603706361305285099660977721	74134	37.33928198124329611573557485826313496	143739	103.24875300280255885354563361033797264	225000	8.06419190415386744064107915619388223	64972	7.09928963373960186800104565918445587	54753	13.37090795603738335728394304169341922	74134	5.29814046536932270470288131036795676	24014	1.04567903956356555994489099248312414	7127	
45	8.10887300849455350260086561320349574	64863	7.12667567273512503334131906740367413	54825	13.47316970578237693700884847203269601	74126	37.75559937553519773700827499851584435	143665	104.34399978683593701589416014030575752	225000	8.10887300849430658900018897838890553	64863	7.12667567273522628568116488168016076	54825	13.47316970578228811916687845950946212	74126	5.57061787009764053379967663204297423	23977	1.10790616576239919766067032469436526	7209	
46	8.06476372702833188554905063938349485	64927	7.17436022184075472551967322942800820	54738	13.59560155661671210225449613062664866	74134	37.94611695648715254947092034853994846	143595	105.09235009635787605475343298166990280	225000	8.06476372702842780881837825290858746	64927	7.17436022184084976061058114282786846	54738	13.59560155661702474105823057470843196	74134	5.74152215517750175166611370514146984	23930	1.13368725335296716139055206440389156	7271	
47	7.90190988300822372281118077808059752	64917	6.98312585401607943680346579640172422	54807	13.59397035124469965694515849463641644	74082	37.46746888039952239068952621892094612	143472	104.38631555494457359145599184557795525	225000	7.90190988300812158229291526367887855	64917	6.98312585401618513003541011130437255	54807	13.59397035124494834690267452970147133	74082	6.01690149386460415570354598457925022	23748	1.17503452348563408591530787816736847	7446	
48	8.03684715158372142695952788926661015	64717	7.09697733975416955587434131302870810	54456	13.58473117878721936335750797297805548	74071	38.06970350104970890470212907530367374	143456	105.42106005482236241732607595622539520	225000	8.03684715158362195097652147524058819	64717	7.09697733975439337683610574458725750	54456	13.58473117878740055175512679852545261	74071	6.11580933088444389511550980387255549	24283	1.19769270860716736670781301654642448	7473	
49	7.91049271941881837477694716653786600	64548	7.00765694957148976840244358754716814	54404	13.51639665593809525034885155037045479	74086	37.62789806137034531730023445561528206	143451	104.45795557816046539301169104874134064	225000	7.91049271941863807455774804111570120	64548	7.00765694957161144884594250470399857	54404	13.51639665593833328216533118393272161	74086	6.11972064795204317988464026711881161	24499	1.22678165778573711186538730544270948	7463	
50	7.84960526450791906682979970355518162	64449	6.91998140611000778221750806551426649	54366	13.47889167238511909374665265204384923	74064	37.44338126922182397038341150619089603	143429	104.09317999123469178357481723651289940	225000	7.84960526450798923292495601344853640	64449	6.91998140610997047872388066025450826	54366	13.47889167238517060809499525930732489	74064	6.26816736987796740976364162634126842	24614	1.25120548330594139052607260964578018	7507	
51	8.03227354237737145581377262715250254	64221	7.04407442678432982319236543844453990	54115	13.87727653234506774992951250169426203	74034	38.22051330642655386782280402258038521	143358	106.46206707777984945550997508689761162	225000	8.03227354237729151975599961588159204	64221	7.04407442678415307568684511352330446	54115	13.87727653234459879172391083557158709	74034	6.40784921546778818424172641243785620	25022	1.24968762750196904498523053916869685	7608	
52	8.03619917281442575074379419675096869	64178	7.07563108269778862080556791624985635	54057	14.15694927706869421513147244695574045	73975	38.53195923883436080359388142824172974	143310	107.81609882263441591021546628326177597	225000	8.03619917281462470270980702480301261	64178	7.07563108269760032698059148970060050	54057	14.15694927706823591506690718233585358	73975	6.64006276506111792201636490062810481	25075	1.30865309597775980599010381411062554	7715	
53	8.11023679237626993199228309094905853	64197	7.13737688018543536827564821578562260	54011	14.64659530372053808378041139803826809	73932	38.92529904679264518563286401331424713	143191	109.86685211374147286278457613661885262	225000	8.11023679237618111415031307842582464	64197	7.13737688018519644828074888209812343	54011	14.64659530371999274223071552114561200	73932	6.75286969365509115448276133975014091	24983	1.40805305180554585220420449331868440	7877	
54	7.84331935830444404444961037370376289	64157	6.88795048653234776026010877103544772	54061	14.67143526082974069879583112196996808	73883	37.83115978941790302769732079468667507	143214	108.14329864784774315467075211927294731	225000	7.84331935830456128400101079023443162	64157	6.88795048653197916621593321906402707	54061	14.67143526082876725524783978471532464	73883	6.74764291539769267558313003974035382	24996	1.43020065074543523131467281928053126	7903	
55	8.00712415731322302292483072960749269	63986	7.07611082868710727922234582365490496	53837	14.59316952010074430745589779689908028	73859	38.58317848418261064580292440950870514	143234	109.13470485190207170944631798192858696	225000	8.00712415731305249266824830556288362	63986	7.07611082868722274241690683993510902	53837	14.59316952010100010284077143296599388	73859	6.76397720842154992482164743705652654	25411	1.43159796761217816829514504206599668	7907	
56	8.01297637087440506320490385405719280	63848	7.08235990795857883739472526940517128	53634	15.19092912001429951374120719265192747	73808	38.65460214820239315258731949143111706	143234	110.83826730838754315300320740789175034	225000	8.01297637087392011778774758568033576	63848	7.08235990795864456259778307867236435	53634	15.19092912001471162852794805075973272	73808	6.81053761906632981748543897992931306	25752	1.45300313541999770450274809263646603	7958	
57	7.71566125378418821156856211018748581	63841	6.91404432608875119115054985741153359	53377	15.15061011718862182817701977910473943	73809	37.81151702369076161858174600638449192	143172	109.32426729642234874972928082570433617	225000	7.71566125378347411611912320950068533	63841	6.91404432608897323575547488871961832	53377	15.15061011718904104839111823821440339	73809	6.96253385800022428497868531849235296	25954	1.46684729328158836025863820395898074	8019	
58	7.88858300822666791418669163249433041	63519	7.10397338552310486647911602631211281	52974	15.11071392427862214447031874442473054	73772	38.75185295347998959414326236583292484	143111	110.93958983945334750842448556795716286	225000	7.88858300822604174840080304420553148	63519	7.10397338552333224015455925837159157	52974	15.11071392427896320498348359251394868	73772	7.14731181013070671070863681961782277	26618	1.58786544283015929046598557761171833	8117	
59	7.67018188891381580418737939908169210	63445	6.88290999443814666136631785775534809	53046	15.10550794030940124912376631982624531	73751	38.03661717574757261672857566736638546	143060	109.73494484716174213190242880955338478	225000	7.67018188891323315914405611692927778	63445	6.88290999443854811801202231436036527	53046	15.10550794030971566428434016415849328	73751	7.36346187879898561590152894495986402	26569	1.60258596452472157345425785024417564	8189	
60	7.89576573065425524333704743185080588	63013	6.98292665379355614874157254234887660	52922	15.33356562562601332899703265866264701	73722	38.71768707742736381760551012121140957	143074	111.47156466723953371911193244159221649	225000	7.89576573065427300690544143435545266	63013	6.98292665379364407840512285474687815	52922	15.33356562562582858788573503261432052	73722	7.37631680549779567002133262576535344	27139	1.66926585839289653989681028178893030	8204	
61	7.72289694942679361133741622325032949	63035	6.80023395754345383323880014359019697	52927	15.12479589620672015826130518689751625	73722	38.03653112949636039274992072023451328	143005	109.84701151753340298000694019719958305	225000	7.72289694942701387958550185430794954	63035	6.80023395754327797391169951879419386	52927	15.12479589620649633729954075533896685	73722	7.43154485253173824332861840957775712	27043	1.70827241790082973160735946294153109	8273	
62	7.83043040455599559379606944276019931	62842	6.93751578984003636207944509806111455	52749	15.14311670145316490732056990964338183	73672	38.67011932806134666407160693779587746	142991	111.09974231234888009112182771787047386	225000	7.83043040455618211126420646905899048	62842	6.93751578983994576788063568528741598	52749	15.14311670145284871580315666506066918	73672	7.56885560092680531596442961017601192	27400	1.84055067414466533293193606368731707	8337	
63	7.65990568334187749144348344998434186	62688	6.71250695506266570333764320821501315	52712	15.13680287685168934785906458273530006	73709	37.83419133573473658316288492642343044	142989	109.73935726464492290688212960958480835	225000	7.65990568334211463508154338342137635	62688	6.71250695506252270661207148805260658	52712	15.13680287685137137998481193790212274	73709	7.57686833803283921184856808395124972	27589	1.88635067562123159845555164793040603	8302	
64	7.76981359001329163760374285629950464	62531	6.84469776744784574873392557492479682	52419	15.55334617212545822440006304532289505	73588	38.68960500114685885364451678469777107	142889	112.37097727409424408051563659682869911	225000	7.76981359001366378436159720877185464	62531	6.84469776744761126963112474186345935	52419	15.55334617212509940031850419472903013	73588	7.92426726601073649902673423639498651	27939	1.97395279046613159046330565615789965	8523	
65	7.75811655520159870746965680154971778	62493	6.84882029979239259631640379666350782	52372	15.64740900489676178608533518854528666	73577	38.79380126492876001975673716515302658	142835	112.85675162929719306248443899676203728	225000	7.75811655520151521869820498977787793	62493	6.84882029979256845564350442145951092	52372	15.64740900489645447635211894521489739	73577	8.04826534095631629384115512948483229	27970	2.06591970349184883559701120248064399	8588	
66	7.75816590804096506417408818379044533	62567	6.83097902283819280455645639449357986	52437	15.61350852562441993143238505581393838	73553	38.76364076393306845602637622505426407	142789	112.70915689957851668623334262520074844	225000	7.75816590804093220157255927915684879	62567	6.83097902283835711756410091766156256	52437	15.61350852562457092176373407710343599	73553	8.04759511234661850664906523888930678	27785	2.10483083380385149752100915065966547	8658	
67	7.67862650763775889117823680862784386	62441	6.71340385183002208435709690093062818	52289	15.42658401334202089572045224485918880	73608	38.44000027467681235293639474548399448	142790	111.82583686550835011530580231919884682	225000	7.67862650763781573459709761664271355	62441	6.71340385183012688941062151570804417	52289	15.42658401334181661468392121605575085	73608	8.13304414999245395279103831853717566	28060	2.20155910017862366245822158816736192	8602	
68	7.62012005251636459490782726788893342	62418	6.73693223546134412060837348690256476	52210	15.67505934368214681740028026979416609	73560	38.30225461129754904732180875726044178	142755	112.27341225111671008107805391773581505	225000	7.62012005251637614122728336951695383	62418	6.73693223546130504075790668139234185	52210	15.67505934368204378870359505526721478	73560	8.08185813016913279227537714177742600	28127	2.27240744418186269015791367564816028	8685	
69	7.72746416567131433339454815723001957	62148	6.73898822013282661202993040205910802	52113	15.90673857532959623029000795213505626	73471	38.70861862236665729142259806394577026	142740	113.57315026575727756608102936297655106	225000	7.72746416567131966246506635798141360	62148	6.73898822013288434362721091019921005	52113	15.90673857532955004501218354562297463	73471	8.27622768773677108811170910485088825	28479	2.30892487349135056007298771874047816	8789	
70	7.77217235844688403290092537645250559	62084	6.77803606924721879778417132911272347	52142	15.96259417373888211955090810079127550	73461	39.10373798996486982559872558340430260	142587	114.50470751862741281001945026218891144	225000	7.77217235844680320866473266505636275	62084	6.77803606924714419079691651859320700	52142	15.96259417373879152535209868801757693	73461	8.49070014518130022906916565261781216	28361	2.35466529279558178799902634636964649	8952	
71	7.50196434449439131242343137273564935	62209	6.58091586905849901256715384079143405	52201	16.06745835221439833162548893596976995	73430	38.11547973872369965420148218981921673	142662	113.11590944735242203478264855220913887	225000	7.50196434449430071822462195996195078	62209	6.58091586905821035458075130009092391	52201	16.06745835221424911765097931493073702	73430	8.49689479055934349105427827453240752	28252	2.44698214421124937700824375497177243	8908	
72	7.64399592045376774507303707650862634	61897	6.71831379423963248598283826140686870	51780	16.46564441171112491701933322474360466	73375	38.86621712913718340587365673854947090	142632	115.54854571190556100646062986925244331	225000	7.64399592045359721481645465246401727	61897	6.71831379423931629446542501682415605	51780	16.46564441171156190080182568635791540	73375	8.65942758848071214572428289102390409	28955	2.57847441435209567828223953256383538	8993	
73	7.67567049354389219217864592792466283	61797	6.69431433966704148019744025077670813	51836	16.44786245230996613031493325252085924	73362	38.77489182725758354308709385804831982	142614	115.33244177184542422764934599399566650	225000	7.67567049354362751500957529060542583	61797	6.69431433966670841329005270381458104	51836	16.44786245231074772732426936272531748	73362	8.55750446044253365585063875187188387	28981	2.63192685205620069410770156537182629	9024	
74	7.61987498773282290187580656493082643	61871	6.69927414780034791164098351146094501	51731	16.83296142646530668685045384336262941	73271	38.93080247147192807233295752666890621	142546	116.69296476410460172701277770102024078	225000	7.61987498773260263362772093387320638	61871	6.69927414779992425053478655172511935	51731	16.83296142646562998379522468894720078	73271	8.80978515517103488718930748291313648	28944	2.67193073553603488434760038217063993	9183	
75	7.60046972636176310089695107308216393	61856	6.65843543540901627864059264538809657	51847	16.88344730640863744497437437530606985	73292	38.90377802884677294059656560420989990	142493	116.87408504390283781049220124259591103	225000	7.60046972636189988037358489236794412	61856	6.65843543540918592071875536930747330	51847	16.88344730640862678683333797380328178	73292	8.91136353733050867731435573659837246	28790	2.80445469462082241918210456788074225	9215	
76	7.49179710411434207628644799115136266	61897	6.61761968733462158098745931056328118	51737	16.88756547538775265593358199112117290	73209	38.53429497461452513107360573485493660	142491	116.31518760963481895487348083406686783	225000	7.49179710411436250439010109403170645	61897	6.61761968733469529979629442095756531	51737	16.88756547538710250933036149945110083	73209	8.84826049484137833189834054792299867	28857	2.91538767046700941776293802831787616	9300	
77	7.54509092372088474576230510137975216	61851	6.62863812647980488179655367275699973	51688	16.87789347200001444093686586711555719	73159	39.02915567008258079795268713496625423	142293	117.43624221528322948415734572336077690	225000	7.54509092372095668821430081152357161	61851	6.62863812647972494573878066148608923	51688	16.87789347199989364867178665008395910	73159	9.22310050709728379558782762615010142	28754	3.08863204909215705029623677546624094	9548	
78	7.55207970706298770124931252212263644	61667	6.64696712857398619433979547466151416	51555	17.31223061511753158470128255430608988	73142	39.22888787796875220692527364008128643	142231	119.00703650878270423163485247641801834	225000	7.55207970706319908771320115192793310	61667	6.64696712857385030304158135550096631	51555	17.31223061511747474128242174629122019	73142	9.37332893793025156981002510292455554	29009	3.25675123317341252970891218865290284	9627	
79	7.44758430783975100553107040468603373	61743	6.56024946387231810973617029958404601	51495	17.57020750194882197092738351784646511	73105	38.76256811421978909493191167712211609	142228	118.79816894966660356658394448459148407	225000	7.44758430783990288404083912610076368	61743	6.56024946387214757947958787553943694	51495	17.57020750194842406699535786174237728	73105	9.30152354709343320848802250111475587	28990	3.24493331799074136156946224218700081	9667	
80	7.47079359249508101470382825937122107	61746	6.59673856398863378558417025487869978	51275	17.60216703399276738650769402738660574	73040	38.99258469912428637371704098768532276	142212	119.29324980502516950764402281492948532	225000	7.47079359249517338525947707239538431	61746	6.59673856398840730008714672294445336	51275	17.60216703399245119499028078280389309	73040	9.41501490833899978838417155202478170	29191	3.32594749648538012820608855690807104	9748	
81	7.27560372467497540327485694433562458	61549	6.41870482815789866748446002020500600	51399	17.55624007356656335332445451058447361	73076	38.49401793157777262877061730250716209	142083	118.40391950727187975189735880121588707	225000	7.27560372467508464922048005973920226	61549	6.41870482815763576667222878313623369	51399	17.55624007356592386486227042041718960	73076	9.69259239855666265839317929930984974	29135	3.37821846294853456171836114663165063	9841	
82	7.37709619481122214068591347313486040	61331	6.50710622131958249525496285059489310	51113	17.69735252715222628694391460157930851	73017	38.94077447538706593377355602569878101	142042	119.46395972410405761365836951881647110	225000	7.37709619481148060060604620957747102	61331	6.50710622131925742195335260475985706	51113	17.69735252715187812100339215248823166	73017	9.76988539871530647928921098355203867	29598	3.37625648146549117711856524692848325	9941	
83	7.42962824626131368432879753527231514	61129	6.49398708496061960460110640269704163	51102	17.82305395454935137422580737620592117	72994	39.10455926555445671510824467986822128	141990	120.14686257089445575729769188910722733	225000	7.42962824626145668105436925543472171	61129	6.49398708496040644178037837264128029	51102	17.82305395454899965557160612661391497	72994	9.83978590482450066190267534693703055	29759	3.45019455914522543693578882084693760	10016	
84	7.38629839955062905687555030453950167	61237	6.49634486547518719135041465051472187	51088	17.72733311853956550407929171342402697	72900	38.97551686333213893931315396912395954	142018	119.74165212874471819759492063894867897	225000	7.38629839955064770862236400716938078	61237	6.49634486547508238629689003573730588	51088	17.72733311853994209172924456652253866	72900	9.79558508135271921446474152617156506	29693	3.55844868710412809420517987746279687	10082	
85	7.22831879181735459383162378799170256	61252	6.35320547418925496430119892465882003	51074	17.60414605210783989264200499746948481	72937	38.58561053364380200036976020783185959	141899	118.90269769213972494981135241687297821	225000	7.22831879181728531591488717822358012	61252	6.35320547418944148176933595095761120	51074	17.60414605210741711971422773785889149	72937	10.04702163055318919759884011000394821	29573	3.62458632634615618428597372258082032	10164	
86	7.20285095026176058752298558829352260	61059	6.29648590919645201324783556628972292	50865	17.62900420923219613200672029051929712	72889	38.57910170518464099131961120292544365	141806	119.06645317057876809485605917870998383	225000	7.20285095026171351406674148165620863	61059	6.29648590919676642840840941062197089	50865	17.62900420923132216444173536729067564	72889	10.21757245482756815135871875099837780	29882	3.74617186872846286149751904304139316	10305	
87	7.21175187466744826991771333268843591	60782	6.36244095642037343907304602907970548	50675	17.70182599341813300952708232216536999	72874	38.77124056986203015640057856217026711	141916	119.56069003926197069631598424166440964	225000	7.21175187466733813579367051715962589	60782	6.36244095642077134300507168518379331	50675	17.70182599341727325281681260094046593	72874	10.24857240463296648158575408160686493	30459	3.80084213294527506477038514276500791	10210	
88	7.25136269963063817556303547462448478	60760	6.34569560426951539966466953046619892	50680	17.54914154563092054672779340762645006	72902	38.86970047488569690585791249759495258	141895	119.53032152672308541241363855078816414	225000	7.25136269963061330656728387111797929	60760	6.34569560427001722047180010122247040	50680	17.54914154563036277068022172898054123	72902	10.30462513642556032777974905911833048	30455	3.92758964740702021245510877633932978	10203	
89	7.07374612700327087821960958535782993	60719	6.19121730242847689851259929127991199	50699	17.68659853291499572947031992953270674	72875	38.29268967893524688861361937597393990	141846	118.97518852951995427247311454266309738	225000	7.07374612700322380476336547872051597	60719	6.19121730242893697493400395615026355	50699	17.68659853291405781305911659728735685	72875	10.42555823316702934278055181493982673	30428	4.01477230586351296892644313629716635	10279	
90	7.12963286291087250390319240977987647	60612	6.29439231131200571667250187601894140	50345	17.56616223384617470060220512095838785	72931	38.55386802819308655898566939868032932	141896	119.09932241433625677018426358699798584	225000	7.12963286291098352620565492543391883	60612	6.29439231131197818314149117213673890	50345	17.56616223384641628513236355502158403	72931	10.35852380430256047816328646149486303	30939	4.05345318210393479319009202299639583	10173	
91	7.16015477616325313192646717652678490	60534	6.27764368662266303289243296603672206	50441	17.45746180510742817659775028005242348	72839	38.60765994021819125237016123719513416	141749	118.94971396157939125259872525930404663	225000	7.16015477616349205192136651021428406	60534	6.27764368662268879006660426966845989	50441	17.45746180510721501377702224999666214	72839	10.38430252211558268982116715051233768	30774	4.09185316071919569225201485096476972	10412	
92	7.16751709149036742019234225153923035	60434	6.28573849179846000367888336768373847	50293	17.55786683111183776873076567426323891	72804	38.80659470205433336786882136948406696	141713	119.60531595887714217951725004240870476	225000	7.16751709149058147119148998172022402	60434	6.28573849179852572888194117695093155	50293	17.55786683111154644620910403318703175	72804	10.55223372006967252900722087360918522	30986	4.17116861368205604776449035853147507	10483	
93	7.15350747106648743312007354688830674	60390	6.24954831780922503980946203228086233	50373	17.46449922979471836015363805927336216	72815	38.80641823254232036788380355574190617	141748	119.47991781158731328105204738676548004	225000	7.15350747106679474285328979021869600	60390	6.24954831780941422181285815895535052	50373	17.46449922979432045622161240316927433	72815	10.65663591613399674429274455178529024	30985	4.29494626721467476215821079676970840	10437	
94	7.12138075922970781306275966926477849	60428	6.22882886926459100607189611764624715	50384	17.43120583038538384812454751227051020	72820	38.48707452054468092228489695116877556	141675	118.83272985266623322786472272127866745	225000	7.12138075923008173617745342198759317	60428	6.22882886926488232859355775872245431	50384	17.43120583038531634656465030275285244	72820	10.45803805971110911343657789984717965	30863	4.31442366599126359005822450853884220	10505	
95	7.16167671345657019799091358436271548	60431	6.26637654921730469226304194307886064	50212	17.36903801036422834158656769432127476	72819	38.58437052345493611937854439020156860	141704	118.80499582134750369277753634378314018	225000	7.16167671345655509895777868223376572	60431	6.26637654921728959322990704094991088	50212	17.36903801036419991987713729031383991	72819	10.39007369264762736804641463095322251	31061	4.36707988195083274263197381515055895	10477	
96	7.12764173795705691105695223086513579	60296	6.23407231323759614127766326419077814	50324	17.50937169875970411681009863968938589	72747	38.57826719109434066012909170240163803	141587	119.37008902001336707598966313526034355	225000	7.12764173795715727521837834501639009	60296	6.23407231323756771956823286018334329	50324	17.50937169875978582922471105121076107	72747	10.52108077312151834803444216959178448	30967	4.52113664171823881332556993584148586	10666	
97	7.06687947713631459123462263960391283	60501	6.21501895409067817155346347135491669	50328	17.47125545523883261012088041752576828	72742	38.32386669401704892834459315054118633	141586	118.81426439468226874396350467577576637	225000	7.06687947713656949844107657554559410	60501	6.21501895409074922582703948137350380	50328	17.47125545523946499315570690669119358	72742	10.42793266628302895071556122275069356	30757	4.55697251791802493414706987095996737	10672	
98	7.07204892602242196630868420470505953	60420	6.19929951478232954542590960045345128	50349	17.41767626785452449666991014964878559	72735	38.43911176207886626343679381534457207	141540	119.10255476899223481268563773483037949	225000	7.07204892602256762756951502524316311	60420	6.19929951478235352624324150383472443	50349	17.41767626785500766573022701777517796	72735	10.57467366935643582337434054352343082	30771	4.74635075876165490882385711302049458	10725	
99	7.09147948940362127245862211566418409	60335	6.18527480612385094360661241807974875	50423	17.42955530203077074702378013171255589	72771	38.47121684410544872889659018255770206	141505	119.34194354668846926870173774659633636	225000	7.09147948940380246085624094121158123	60335	6.18527480612381719282666381332091987	50423	17.42955530203090219742989575024694204	72771	10.59923646697134103078496991656720638	30747	4.90978953016890784510906087234616280	10724	
100	7.02815471920983547704508964670822024	60387	6.14101733423567708314294577576220036	50403	17.47813119970033568506551091559231281	72742	38.43670181079920666888938285410404205	141467	119.50899007575470989195309812203049660	225000	7.02815471920980172626514104194939137	60387	6.14101733423574192016758388490416110	50403	17.47813119970033213235183211509138346	72742	10.78644410075440340790464688325300813	30677	4.99792894417722610711507513769902289	10791	
101	6.89670239439142829240836363169364631	60236	6.03391675042663244710183789720758796	50307	17.62143396373387815856403904035687447	72677	37.78718352246558254137198673561215401	141512	118.64622362132992350325366714969277382	225000	6.89670239439129595382382831303402781	60236	6.03391675042663511163709699758328497	50307	17.62143396373373605001688702031970024	72677	10.64027326854722588223012280650436878	30969	4.98393983930073769528235061443410814	10811	
102	6.86376746669964177272049710154533386	60201	6.07445863469228974906855000881478190	50069	17.67080703647176420645337202586233616	72671	37.99933029413448792865892755798995495	141392	119.26590710043785747984657064080238342	225000	6.86376746669957693569585899240337312	60201	6.07445863469242297583150502759963274	50069	17.67080703647162565061989880632609129	72671	10.83838701691963990469957934692502022	31122	5.05675456313149673803764017065986991	10937	
103	6.95526718469417826185008379979990423	60121	6.08936187525776784212894199299626052	49952	18.03766061188465030795669008512049913	72585	38.23487692161061346496353507973253727	141448	120.68705038039483667944296030327677727	225000	6.95526718469415072831907309591770172	60121	6.08936187525791972063871071441099048	49952	18.03766061188422753502891282550990582	72585	10.85494422203239217594727961113676429	31375	5.22469872691373993234265071805566549	10967	
104	6.94913017623114637189019049401395023	60080	6.10750728763768346851747992332093418	50081	17.94119042075970327232425916008651257	72582	38.22220566056375901098363101482391357	141488	120.52984279497125896796205779537558556	225000	6.94913017623099005248832327197305858	60080	6.10750728763783623520566834486089647	50081	17.94119042075995906770913279615342617	72582	10.81411169631600799334592011291533709	31327	5.38273644364866044043083093129098415	10930	
105	6.80130897001535394963411818025633693	60146	5.95076024772184997146950991009362042	50014	17.80054724925087228371012315619736910	72582	37.42890317462505578305353992618620396	141434	118.92339208017686758012132486328482628	225000	6.80130897001528911260948007111437619	60146	5.95076024772172029742023369180969894	50014	17.80054724925105347210774198174476624	72582	10.66632969304426659107321029296144843	31274	5.56922975945228948546628089388832450	10984	
106	6.86792748052448853712803611415438354	59852	6.03146470102197529428167399601079524	49781	18.13917014261732063573617779184132814	72564	37.96968856686906690356408944353461266	141358	120.87429902187749064523814013227820396	225000	6.86792748052438728478819029987789690	59852	6.03146470102189358186706158448942006	49781	18.13917014261730287216778378933668137	72564	10.90680050689375946149084484204649925	31725	5.70164749270315951434895396232604980	11078	
107	6.69743012335116816302615916356444359	59821	5.87166107368514555986394043429754674	49479	18.34253210459602811965851287823170424	72457	37.42342845856938993165385909378528595	141363	120.61835840247022133553400635719299316	225000	6.69743012335108289789786795154213905	59821	5.87166107368505052477303252089768648	49479	18.34253210459598193438068847171962261	72457	11.05256959151367901483808964258059859	32063	5.89448474379351416985173273133113980	11180	
108	6.80068010902866237898933832184411585	59489	5.98089578533816368377529215649701655	49365	18.26916562419330958277896570507436991	72537	37.95850172457200955022926791571080685	141366	121.41324435653012869806843809783458710	225000	6.80068010902860375921363811357878149	59489	5.98089578533819121730630286037921906	49365	18.26916562419341616418932972010225058	72537	11.15482262726200524127762037096545100	32512	5.96763434126603264928689895896241069	11097	
109	6.84211690200632727254514975356869400	59435	6.00355196529421863971265338477678597	49191	18.25519925151015243613983329851180315	72475	38.20727006316743512570610619150102139	141327	121.99342968169439416215027449652552605	225000	6.84211690200621180935058873728848994	59435	6.00355196529427370677467479254119098	49191	18.25519925150913280731401755474507809	72475	11.26492455573933604284775356063619256	32701	6.10794011887504595392783812712877989	11198	
110	6.85667230537388228128747869050130248	59245	6.00248502346365775395042874151840806	49159	18.21058902081199093458963034208863974	72480	38.12000853253407228748983470723032951	141331	121.77339156937078712417132919654250145	225000	6.85667230537381922061967998160980642	59245	6.00248502346385226502434306894429028	49159	18.21058902081196961830755753908306360	72480	11.14051669068101801940429140813648701	32927	6.23163255008274408197621596627868712	11189	
111	6.88675205121745293013191258069127798	59278	5.98774895315310384802387488889507949	49249	18.16568857655332180911500472575426102	72401	38.07642783694555532747472170740365982	141325	121.71315423674022326849808450788259506	225000	6.88675205121738898128569417167454958	59278	5.98774895315328237188623461406677961	49249	18.16568857655310864629427669569849968	72401	11.07448900731805707664534565992653370	32798	6.34395599383951935834602409158833325	11274	
112	6.86341381320302623691986809717491269	59293	5.98164638349074984091657825047150254	49388	18.20936159094111062017873337026685476	72364	38.03162672060266658036198350600898266	141233	121.83310854240329490494332276284694672	225000	6.86341381320299781521043769316747785	59293	5.98164638349078625623178595560602844	49388	18.20936159094073047981510171666741371	72364	11.09009679773317991191561304731294513	32552	6.50172101651385414555761599331162870	11403	
113	6.82810767823995590219965379219502211	59356	6.03718199284200895959884292096830904	49151	18.51527457190088910010672407224774361	72372	38.20022750421909307760870433412492275	141224	123.10717574571008015027473447844386101	225000	6.82810767824018682858877582475543022	59356	6.03718199284191836540003350819461048	49151	18.51527457190040593104640720412135124	72372	11.21037382809158344798561302013695240	32717	6.70187277407365744608114255242981017	11404	
114	6.83598389109834947419130912749096751	59328	6.02476959167133063743904131115414202	49289	18.64548682607226481877660262398421764	72301	38.21182619040926198294982896186411381	141177	123.65599884691576448858540970832109451	225000	6.83598389109862036860931766568683088	59328	6.02476959167108372383836467633955181	49289	18.64548682607194507454551057890057564	72301	11.23178536915216163549757766304537654	32560	6.88508540426536530532075630617327988	11522	
115	6.82848616122858764754255389561876655	59390	5.90284168781732798692019059672020376	49395	18.44259979061892806839750846847891808	72296	37.67505124601299826281319838017225266	141144	122.18331413611869606938853394240140915	225000	6.82848616122852991594527338747866452	59390	5.90284168781739193576640900573693216	49395	18.44259979061919452192341850604861975	72296	10.97323851358058988125776522792875767	32359	6.93674931426437080261848677764646709	11560	
116	6.83282965336643410836359180393628776	59384	5.97607776953054425916889158543199301	49199	18.42922731751981757497560465708374977	72275	37.93002777455063068146046134643256664	141110	122.66335292221718589189549675211310387	225000	6.83282965336655134791499222046695650	59384	5.97607776953071034853337550885044038	49199	18.42922731752035403474110353272408247	72275	11.06387990318827974078885745257139206	32527	7.05397468578565423058535088784992695	11615	
117	6.81220616509770326985062638414092362	59376	5.91837268646429759400007242220453918	49378	18.36623886209848066641825425904244184	72266	37.44525659206635737064061686396598816	141140	121.64937878459707576439541298896074295	225000	6.81220616509781606850992830004543066	59376	5.91837268646443792619038504199124873	49378	18.36623886209801526092633139342069626	72266	10.74429379904439230131174554117023945	32386	7.14169987173402276425804302562028170	11594	
118	6.74261988368348941236263272003270686	59514	5.93340393863512183258990262402221560	49314	18.35327327294863763995635963510721922	72185	37.25513401002267954709168407134711742	141057	121.36224935676729330680245766416192055	225000	6.74261988368331532939237149548716843	59514	5.93340393863524617756866064155474305	49314	18.35327327294784538480598712339997292	72185	10.66993545958529843176165741169825196	32229	7.27911883925541580708795663667842746	11758	
119	6.78950573919324629201810239464975893	59405	5.95476191366051654796365255606360734	49241	18.34514022981641190312984690535813570	72197	37.67522580950553390266577480360865593	140988	122.16542972036826597559411311522126198	225000	6.78950573919300381930952426046133041	59405	5.95476191366066043286764397635124624	49241	18.34514022981530345646206114906817675	72197	10.95156621442620270556744799250736833	32342	7.39705759276194996232334233354777098	11815	
120	6.75566934349112013791227582260034978	59426	5.94011808525816675796704657841473818	49294	18.21481290427884403015923453494906425	72145	37.37665490216963348757417406886816025	141052	121.25158634335939211723598418757319450	225000	6.75566934349111658519859702209942043	59426	5.94011808525827067484215149306692183	49294	18.21481290427933075193323020357638597	72145	10.75595834307313047872867173282429576	32332	7.33704686497720004467737453524023294	11803	
121	6.74491738854969469230127288028597832	59391	5.87608074216997522398742148652672768	49313	18.21208294790760007231256167870014906	72110	37.25357332611501703922840533778071404	140985	121.24802333737424930859560845419764519	225000	6.74491738854961386806508016888983548	59391	5.87608074217006759454307029955089092	49313	18.21208294790740467306022765114903450	72110	10.78282062103532901176095037953928113	32281	7.56298511973057419055521677364595234	11905	
122	6.75964410747395394452041728072799742	59304	5.88750369191722278117140376707538962	49290	18.12555844586642450622093747369945049	72132	37.24197550315151516997502767480909824	140974	121.18276012595994473031169036403298378	225000	6.75964410747391752920520957559347153	59304	5.88750369191722366934982346720062196	49290	18.12555844586609055113513022661209106	72132	10.72316685666852542624383204383775592	32380	7.78098123061421453883212961954995990	11894	
123	6.71108631556645995885901356814429164	59314	5.85320549336779105686900948057882488	49440	18.04710503953966593826407915912568569	72123	37.05429165039100780631997622549533844	140909	120.82736474138897619923227466642856598	225000	6.71108631556641554993802856188267469	59314	5.85320549336790385552831139648333192	49440	18.04710503953995726078574080020189285	72123	10.70949469237372042584865994285792112	32155	7.92617273702987379380147103802300990	11968	
124	6.68635499401629385118894788320176303	59261	5.83537024945181226343038360937498510	49340	17.80449930964024218837948865257203579	72121	36.72772740499523536072956630960106850	140960	119.41679647385954865512758260592818260	225000	6.68635499401630273297314488445408642	59261	5.83537024945203341985688894055783749	49340	17.80449930963990823329368140548467636	72121	10.45900765875623683598405477823689580	32359	7.79533334945839673224554644548334181	11919	
125	6.62308001265697043891123030334711075	59467	5.79642840000359083063585785566829145	49303	17.80905089231373494840227067470550537	72059	36.51469149976573902449672459624707699	140777	119.30519604183803039632039144635200500	225000	6.62308001265687540382032238994725049	59467	5.79642840000343273487715123337693512	49303	17.80905089231364257784662186168134212	72059	10.47007772683660675738792633637785912	32007	8.08645787707927077292424655752256513	12164	
